2026-05-24 10:55:35,821 | INFO | wikipediaapi._http_client.base_http_client | Wikipedia: language=en, user_agent: multimodal-rag-project/1.0 (Wikipedia-API/0.14.1; https://github.com/martin-majlis/Wikipedia-API/), extract_format=1
2026-05-24 10:55:41,013 | INFO | wikipediaapi._http_client.base_http_client | Wikipedia: language=en, user_agent: multimodal-rag-project/1.0 (Wikipedia-API/0.14.1; https://github.com/martin-majlis/Wikipedia-API/), extract_format=1
2026-05-24 10:56:07,901 | INFO | wikipediaapi._http_client.base_http_client | Wikipedia: language=en, user_agent: multimodal-rag-project/1.0 (Wikipedia-API/0.14.1; https://github.com/martin-majlis/Wikipedia-API/), extract_format=1
2026-05-24 10:56:08,263 | INFO | main | Backend started successfully
2026-05-24 10:56:34,460 | INFO | main | Query received | query=tell me about Africa
2026-05-24 10:56:34,461 | INFO | main | Intent detected | intent=text
2026-05-24 10:56:35,620 | INFO | main | Query embedding created
2026-05-24 10:56:35,655 | INFO | main | Vector search completed | count=0
2026-05-24 10:56:35,656 | INFO | main | BM25 search completed | count=4
2026-05-24 10:56:35,657 | INFO | main | Hybrid merge completed | count=4
2026-05-24 10:56:35,657 | INFO | main | Threshold failed | score=0 | cold start needed
2026-05-24 10:56:35,657 | INFO | cold_start | Cold start triggered | query=tell me about Africa
2026-05-24 10:56:35,658 | INFO | cold_start | Wikipedia search query normalized | original=tell me about Africa | clean=africa
2026-05-24 10:56:36,938 | INFO | cold_start | Wikipedia best page selected | title=Africa
2026-05-24 10:56:36,939 | INFO | wikipediaapi._http_client.sync_http_client | Request URL: https://en.wikipedia.org/w/api.php?format=json&redirects=1&action=query&prop=info&titles=Africa&inprop=protection|talkid|watched|watchers|visitingwatchers|notificationtimestamp|subjectid|url|readable|preload|displaytitle|varianttitles
2026-05-24 10:56:37,437 | INFO | httpx | HTTP Request: GET https://en.wikipedia.org/w/api.php?format=json&redirects=1&action=query&prop=info&titles=Africa&inprop=protection%7Ctalkid%7Cwatched%7Cwatchers%7Cvisitingwatchers%7Cnotificationtimestamp%7Csubjectid%7Curl%7Creadable%7Cpreload%7Cdisplaytitle%7Cvarianttitles "HTTP/1.1 429 Too Many Requests"
2026-05-24 10:57:01,192 | INFO | httpx | HTTP Request: GET https://en.wikipedia.org/w/api.php?format=json&redirects=1&action=query&prop=info&titles=Africa&inprop=protection%7Ctalkid%7Cwatched%7Cwatchers%7Cvisitingwatchers%7Cnotificationtimestamp%7Csubjectid%7Curl%7Creadable%7Cpreload%7Cdisplaytitle%7Cvarianttitles "HTTP/1.1 200 OK"
2026-05-24 10:57:01,193 | INFO | wikipediaapi._http_client.sync_http_client | Request URL: https://en.wikipedia.org/w/api.php?format=json&redirects=1&action=query&prop=extracts&titles=Africa&explaintext=1&exsectionformat=wiki
2026-05-24 10:57:02,215 | INFO | httpx | HTTP Request: GET https://en.wikipedia.org/w/api.php?format=json&redirects=1&action=query&prop=extracts&titles=Africa&explaintext=1&exsectionformat=wiki "HTTP/1.1 200 OK"
2026-05-24 10:57:05,117 | INFO | ingestion | Text ingestion completed | chunks=4
2026-05-24 10:57:05,119 | INFO | cold_start | Cold start ingestion completed | page=Africa | new_items=4
2026-05-24 10:57:05,125 | INFO | main | Query rerun completed after cold start
2026-05-24 10:57:08,846 | INFO | main | Response sent | type=text
2026-05-24 11:01:09,996 | INFO | main | Query received | query=gave me Africa images
2026-05-24 11:01:09,996 | INFO | main | Intent detected | intent=image
2026-05-24 11:01:10,963 | INFO | main | Query embedding created
2026-05-24 11:01:10,969 | INFO | main | Vector search completed | count=4
2026-05-24 11:01:10,969 | INFO | main | BM25 search completed | count=4
2026-05-24 11:01:10,970 | INFO | main | Hybrid merge completed | count=4
2026-05-24 11:01:10,971 | INFO | main | Response sent | type=image
2026-05-24 11:13:23,137 | INFO | wikipediaapi._http_client.base_http_client | Wikipedia: language=en, user_agent: multimodal-rag-project/1.0 (Wikipedia-API/0.14.1; https://github.com/martin-majlis/Wikipedia-API/), extract_format=1
2026-05-24 11:13:23,503 | INFO | main | Backend started successfully
2026-05-24 11:13:53,072 | INFO | main | Query received | query=tell me about America
2026-05-24 11:13:53,073 | INFO | main | Intent detected | intent=text
2026-05-24 11:13:54,680 | INFO | main | Query embedding created
2026-05-24 11:13:54,717 | INFO | main | Vector search completed | count=0
2026-05-24 11:13:54,719 | INFO | main | BM25 search completed | count=4
2026-05-24 11:13:54,719 | INFO | main | Hybrid merge completed | count=4
2026-05-24 11:13:54,719 | INFO | main | Cold start needed | top_score=0
2026-05-24 11:13:54,719 | INFO | cold_start | Cold start triggered | query=tell me about America
2026-05-24 11:13:54,719 | INFO | cold_start | Wikipedia search query normalized | original=tell me about America | clean=america
2026-05-24 11:13:56,317 | INFO | cold_start | Wikipedia best page selected | title=United States
2026-05-24 11:13:56,318 | INFO | wikipediaapi._http_client.sync_http_client | Request URL: https://en.wikipedia.org/w/api.php?format=json&redirects=1&action=query&prop=info&titles=United States&inprop=protection|talkid|watched|watchers|visitingwatchers|notificationtimestamp|subjectid|url|readable|preload|displaytitle|varianttitles
2026-05-24 11:13:57,329 | INFO | httpx | HTTP Request: GET https://en.wikipedia.org/w/api.php?format=json&redirects=1&action=query&prop=info&titles=United+States&inprop=protection%7Ctalkid%7Cwatched%7Cwatchers%7Cvisitingwatchers%7Cnotificationtimestamp%7Csubjectid%7Curl%7Creadable%7Cpreload%7Cdisplaytitle%7Cvarianttitles "HTTP/1.1 429 Too Many Requests"
2026-05-24 11:14:00,894 | INFO | httpx | HTTP Request: GET https://en.wikipedia.org/w/api.php?format=json&redirects=1&action=query&prop=info&titles=United+States&inprop=protection%7Ctalkid%7Cwatched%7Cwatchers%7Cvisitingwatchers%7Cnotificationtimestamp%7Csubjectid%7Curl%7Creadable%7Cpreload%7Cdisplaytitle%7Cvarianttitles "HTTP/1.1 200 OK"
2026-05-24 11:14:00,895 | INFO | wikipediaapi._http_client.sync_http_client | Request URL: https://en.wikipedia.org/w/api.php?format=json&redirects=1&action=query&prop=extracts&titles=United States&explaintext=1&exsectionformat=wiki
2026-05-24 11:14:01,874 | INFO | httpx | HTTP Request: GET https://en.wikipedia.org/w/api.php?format=json&redirects=1&action=query&prop=extracts&titles=United+States&explaintext=1&exsectionformat=wiki "HTTP/1.1 200 OK"
2026-05-24 11:14:05,040 | INFO | ingestion | Text ingestion completed | chunks=4
2026-05-24 11:14:47,744 | INFO | ingestion | Media ingestion completed | modality=image | id=image_a3715a37dda6423d86a3969a0a68418d
2026-05-24 11:14:56,865 | WARNING | cold_start | Image ingestion failed | error=503 The service is currently unavailable.
2026-05-24 11:23:12,651 | INFO | ingestion | Media ingestion completed | modality=image | id=image_c91a50f5e1034b8d9ffd3eadf9545d5a
2026-05-24 11:24:45,888 | INFO | wikipediaapi._http_client.base_http_client | Wikipedia: language=en, user_agent: multimodal-rag-project/1.0 (Wikipedia-API/0.14.1; https://github.com/martin-majlis/Wikipedia-API/), extract_format=1
2026-05-24 11:24:46,265 | INFO | main | Backend started successfully
2026-05-24 11:25:33,255 | INFO | main | Query received | query=tell me about apples
2026-05-24 11:25:33,255 | INFO | main | Intent detected | intent=text
2026-05-24 11:25:35,395 | INFO | main | Query embedding created
2026-05-24 11:25:35,475 | INFO | main | Vector search completed | count=6
2026-05-24 11:25:35,476 | INFO | main | BM25 search completed | count=4
2026-05-24 11:25:35,476 | INFO | main | Hybrid merge completed | count=10
2026-05-24 11:25:35,476 | INFO | main | Cold start needed | top_score=0.023938655853271484
2026-05-24 11:25:35,476 | INFO | cold_start | Cold start triggered | query=tell me about apples
2026-05-24 11:25:35,477 | INFO | cold_start | Wikipedia search query normalized | original=tell me about apples | clean=apples
2026-05-24 11:25:37,247 | INFO | cold_start | Wikipedia best page selected | title=Apple
2026-05-24 11:25:37,248 | INFO | wikipediaapi._http_client.sync_http_client | Request URL: https://en.wikipedia.org/w/api.php?format=json&redirects=1&action=query&prop=info&titles=Apple&inprop=protection|talkid|watched|watchers|visitingwatchers|notificationtimestamp|subjectid|url|readable|preload|displaytitle|varianttitles
2026-05-24 11:25:38,361 | INFO | httpx | HTTP Request: GET https://en.wikipedia.org/w/api.php?format=json&redirects=1&action=query&prop=info&titles=Apple&inprop=protection%7Ctalkid%7Cwatched%7Cwatchers%7Cvisitingwatchers%7Cnotificationtimestamp%7Csubjectid%7Curl%7Creadable%7Cpreload%7Cdisplaytitle%7Cvarianttitles "HTTP/1.1 429 Too Many Requests"
2026-05-24 11:26:02,619 | INFO | httpx | HTTP Request: GET https://en.wikipedia.org/w/api.php?format=json&redirects=1&action=query&prop=info&titles=Apple&inprop=protection%7Ctalkid%7Cwatched%7Cwatchers%7Cvisitingwatchers%7Cnotificationtimestamp%7Csubjectid%7Curl%7Creadable%7Cpreload%7Cdisplaytitle%7Cvarianttitles "HTTP/1.1 200 OK"
2026-05-24 11:26:02,621 | INFO | wikipediaapi._http_client.sync_http_client | Request URL: https://en.wikipedia.org/w/api.php?format=json&redirects=1&action=query&prop=extracts&titles=Apple&explaintext=1&exsectionformat=wiki
2026-05-24 11:26:03,554 | INFO | httpx | HTTP Request: GET https://en.wikipedia.org/w/api.php?format=json&redirects=1&action=query&prop=extracts&titles=Apple&explaintext=1&exsectionformat=wiki "HTTP/1.1 200 OK"
2026-05-24 11:26:05,214 | INFO | ingestion | Text ingestion completed | chunks=2
2026-05-24 11:26:10,615 | INFO | ingestion | Media embedding attempt | file=./data/media\faac8f6df27b4af4951f8bd0f62a0b6e.jpeg | attempt=1
2026-05-24 11:26:22,309 | INFO | ingestion | Media ingestion completed | modality=image | id=image_0048cf00097f43d9a8daff2566adf54e
2026-05-24 11:26:28,645 | INFO | ingestion | Media embedding attempt | file=./data/media\2afd5beea8654a109a7418516053da31.jpg | attempt=1
2026-05-24 11:26:58,682 | INFO | ingestion | Media ingestion completed | modality=image | id=image_ba05586d74a144c39235c2b35d00b882
2026-05-24 11:26:58,683 | INFO | cold_start | Cold start ingestion completed | page=Apple | new_items=4
2026-05-24 11:26:58,686 | INFO | main | Vector search rerun completed | count=10
2026-05-24 11:26:58,686 | INFO | main | BM25 search rerun completed | count=4
2026-05-24 11:26:58,687 | INFO | main | Hybrid merge rerun completed | count=10
2026-05-24 11:27:03,547 | INFO | main | Response sent | type=text
2026-05-24 11:27:53,467 | INFO | main | Query received | query=gave me apple image
2026-05-24 11:27:53,467 | INFO | main | Intent detected | intent=image
2026-05-24 11:27:54,347 | INFO | main | Query embedding created
2026-05-24 11:27:54,349 | INFO | main | Vector search completed | count=10
2026-05-24 11:27:54,349 | INFO | main | BM25 search completed | count=4
2026-05-24 11:27:54,349 | INFO | main | Hybrid merge completed | count=10
2026-05-24 11:27:54,349 | INFO | main | Cold start needed | top_score=0.14801311492919922
2026-05-24 11:27:54,349 | INFO | cold_start | Cold start triggered | query=gave me apple image
2026-05-24 11:27:54,349 | INFO | cold_start | Wikipedia search query normalized | original=gave me apple image | clean=apple
2026-05-24 11:27:55,978 | INFO | cold_start | Wikipedia best page selected | title=Apple
2026-05-24 11:27:55,978 | INFO | wikipediaapi._http_client.sync_http_client | Request URL: https://en.wikipedia.org/w/api.php?format=json&redirects=1&action=query&prop=info&titles=Apple&inprop=protection|talkid|watched|watchers|visitingwatchers|notificationtimestamp|subjectid|url|readable|preload|displaytitle|varianttitles
2026-05-24 11:27:56,710 | INFO | httpx | HTTP Request: GET https://en.wikipedia.org/w/api.php?format=json&redirects=1&action=query&prop=info&titles=Apple&inprop=protection%7Ctalkid%7Cwatched%7Cwatchers%7Cvisitingwatchers%7Cnotificationtimestamp%7Csubjectid%7Curl%7Creadable%7Cpreload%7Cdisplaytitle%7Cvarianttitles "HTTP/1.1 429 Too Many Requests"
2026-05-24 11:28:01,309 | INFO | httpx | HTTP Request: GET https://en.wikipedia.org/w/api.php?format=json&redirects=1&action=query&prop=info&titles=Apple&inprop=protection%7Ctalkid%7Cwatched%7Cwatchers%7Cvisitingwatchers%7Cnotificationtimestamp%7Csubjectid%7Curl%7Creadable%7Cpreload%7Cdisplaytitle%7Cvarianttitles "HTTP/1.1 200 OK"
2026-05-24 11:28:01,311 | INFO | wikipediaapi._http_client.sync_http_client | Request URL: https://en.wikipedia.org/w/api.php?format=json&redirects=1&action=query&prop=extracts&titles=Apple&explaintext=1&exsectionformat=wiki
2026-05-24 11:28:02,119 | INFO | httpx | HTTP Request: GET https://en.wikipedia.org/w/api.php?format=json&redirects=1&action=query&prop=extracts&titles=Apple&explaintext=1&exsectionformat=wiki "HTTP/1.1 200 OK"
2026-05-24 11:28:03,590 | INFO | ingestion | Text ingestion completed | chunks=2
2026-05-24 11:28:09,435 | INFO | ingestion | Media embedding attempt | file=./data/media\7f4e540e56a846ffbcbcb7eed830fe75.jpeg | attempt=1
2026-05-24 11:28:21,566 | INFO | ingestion | Media ingestion completed | modality=image | id=image_7e98110eab994c728e96a4f1f531d7cd
2026-05-24 11:28:31,571 | INFO | ingestion | Media embedding attempt | file=./data/media\f39d62587fe14776a71111220bf63104.jpg | attempt=1
2026-05-24 11:29:09,836 | INFO | ingestion | Media ingestion completed | modality=image | id=image_f6d74c01751d40a9be2b0b784b9f2c0a
2026-05-24 11:29:09,838 | INFO | cold_start | Cold start ingestion completed | page=Apple | new_items=4
2026-05-24 11:29:09,839 | INFO | main | Vector search rerun completed | count=10
2026-05-24 11:29:09,840 | INFO | main | BM25 search rerun completed | count=4
2026-05-24 11:29:09,840 | INFO | main | Hybrid merge rerun completed | count=11
2026-05-24 11:29:09,840 | INFO | main | Response sent | type=image
2026-05-24 11:31:12,798 | INFO | main | Query received | query=gave me apple video
2026-05-24 11:31:12,798 | INFO | main | Intent detected | intent=video
2026-05-24 11:31:13,650 | INFO | main | Query embedding created
2026-05-24 11:31:13,654 | INFO | main | Vector search completed | count=10
2026-05-24 11:31:13,656 | INFO | main | BM25 search completed | count=4
2026-05-24 11:31:13,656 | INFO | main | Hybrid merge completed | count=11
2026-05-24 11:31:13,656 | INFO | main | Cold start needed | top_score=0.1361011266708374
2026-05-24 11:31:13,656 | INFO | cold_start | Cold start triggered | query=gave me apple video
2026-05-24 11:31:13,657 | INFO | cold_start | Wikipedia search query normalized | original=gave me apple video | clean=apple
2026-05-24 11:31:15,251 | INFO | cold_start | Wikipedia best page selected | title=Apple
2026-05-24 11:31:15,252 | INFO | wikipediaapi._http_client.sync_http_client | Request URL: https://en.wikipedia.org/w/api.php?format=json&redirects=1&action=query&prop=info&titles=Apple&inprop=protection|talkid|watched|watchers|visitingwatchers|notificationtimestamp|subjectid|url|readable|preload|displaytitle|varianttitles
2026-05-24 11:31:15,868 | INFO | httpx | HTTP Request: GET https://en.wikipedia.org/w/api.php?format=json&redirects=1&action=query&prop=info&titles=Apple&inprop=protection%7Ctalkid%7Cwatched%7Cwatchers%7Cvisitingwatchers%7Cnotificationtimestamp%7Csubjectid%7Curl%7Creadable%7Cpreload%7Cdisplaytitle%7Cvarianttitles "HTTP/1.1 429 Too Many Requests"
2026-05-24 11:32:02,046 | INFO | httpx | HTTP Request: GET https://en.wikipedia.org/w/api.php?format=json&redirects=1&action=query&prop=info&titles=Apple&inprop=protection%7Ctalkid%7Cwatched%7Cwatchers%7Cvisitingwatchers%7Cnotificationtimestamp%7Csubjectid%7Curl%7Creadable%7Cpreload%7Cdisplaytitle%7Cvarianttitles "HTTP/1.1 200 OK"
2026-05-24 11:32:02,048 | INFO | wikipediaapi._http_client.sync_http_client | Request URL: https://en.wikipedia.org/w/api.php?format=json&redirects=1&action=query&prop=extracts&titles=Apple&explaintext=1&exsectionformat=wiki
2026-05-24 11:32:03,274 | INFO | httpx | HTTP Request: GET https://en.wikipedia.org/w/api.php?format=json&redirects=1&action=query&prop=extracts&titles=Apple&explaintext=1&exsectionformat=wiki "HTTP/1.1 200 OK"
2026-05-24 11:32:05,674 | INFO | ingestion | Text ingestion completed | chunks=2
2026-05-24 11:32:10,654 | INFO | ingestion | Media embedding attempt | file=./data/media\343d7bafc1874cfb9b8b233e9a18e6d5.jpeg | attempt=1
2026-05-24 11:32:22,357 | INFO | ingestion | Media ingestion completed | modality=image | id=image_eb6523f1b7cd412993171bf6fe36239b
2026-05-24 11:32:28,096 | INFO | ingestion | Media embedding attempt | file=./data/media\d4b89cd092e54b1980f03bc9bafd5646.jpg | attempt=1
2026-05-24 11:33:13,678 | INFO | ingestion | Media ingestion completed | modality=image | id=image_77640f17d694473fae0b9c895c85642e
2026-05-24 11:33:13,680 | INFO | cold_start | Cold start ingestion completed | page=Apple | new_items=4
2026-05-24 11:33:13,683 | INFO | main | Vector search rerun completed | count=10
2026-05-24 11:33:13,684 | INFO | main | BM25 search rerun completed | count=4
2026-05-24 11:33:13,684 | INFO | main | Hybrid merge rerun completed | count=12
2026-05-24 11:33:13,684 | INFO | main | Response sent | type=video
2026-05-24 11:41:39,050 | INFO | main | Query received | query=gave me bird audio
2026-05-24 11:41:39,051 | INFO | main | Intent detected | intent=audio
2026-05-24 11:41:40,333 | INFO | main | Query embedding created
2026-05-24 11:41:40,347 | INFO | main | Vector search completed | count=10
2026-05-24 11:41:40,351 | INFO | main | BM25 search completed | count=4
2026-05-24 11:41:40,352 | INFO | main | Hybrid merge completed | count=12
2026-05-24 11:41:40,353 | INFO | main | Cold start needed | top_score=-0.021137714385986328
2026-05-24 11:41:40,353 | INFO | cold_start | Cold start triggered | query=gave me bird audio
2026-05-24 11:41:40,354 | INFO | cold_start | Wikipedia search query normalized | original=gave me bird audio | clean=bird
2026-05-24 11:41:41,843 | INFO | cold_start | Wikipedia best page selected | title=Bird
2026-05-24 11:41:41,844 | INFO | wikipediaapi._http_client.sync_http_client | Request URL: https://en.wikipedia.org/w/api.php?format=json&redirects=1&action=query&prop=info&titles=Bird&inprop=protection|talkid|watched|watchers|visitingwatchers|notificationtimestamp|subjectid|url|readable|preload|displaytitle|varianttitles
2026-05-24 11:41:42,701 | INFO | httpx | HTTP Request: GET https://en.wikipedia.org/w/api.php?format=json&redirects=1&action=query&prop=info&titles=Bird&inprop=protection%7Ctalkid%7Cwatched%7Cwatchers%7Cvisitingwatchers%7Cnotificationtimestamp%7Csubjectid%7Curl%7Creadable%7Cpreload%7Cdisplaytitle%7Cvarianttitles "HTTP/1.1 429 Too Many Requests"
2026-05-24 11:42:01,587 | INFO | httpx | HTTP Request: GET https://en.wikipedia.org/w/api.php?format=json&redirects=1&action=query&prop=info&titles=Bird&inprop=protection%7Ctalkid%7Cwatched%7Cwatchers%7Cvisitingwatchers%7Cnotificationtimestamp%7Csubjectid%7Curl%7Creadable%7Cpreload%7Cdisplaytitle%7Cvarianttitles "HTTP/1.1 200 OK"
2026-05-24 11:42:01,588 | INFO | wikipediaapi._http_client.sync_http_client | Request URL: https://en.wikipedia.org/w/api.php?format=json&redirects=1&action=query&prop=extracts&titles=Bird&explaintext=1&exsectionformat=wiki
2026-05-24 11:42:02,491 | INFO | httpx | HTTP Request: GET https://en.wikipedia.org/w/api.php?format=json&redirects=1&action=query&prop=extracts&titles=Bird&explaintext=1&exsectionformat=wiki "HTTP/1.1 200 OK"
2026-05-24 11:42:03,255 | INFO | ingestion | Text ingestion completed | chunks=1
2026-05-24 11:42:11,909 | INFO | ingestion | Media embedding attempt | file=./data/media\992ac4d208ee46ac8c9a9a9435ce5f63.jpg | attempt=1
2026-05-24 11:43:14,787 | INFO | ingestion | Media ingestion completed | modality=image | id=image_d490a52107a44a07a92e33faebb21095
2026-05-24 11:43:25,675 | INFO | ingestion | Media embedding attempt | file=./data/media\5ab6a17e273149e6ad1c8ed0572f3cef.jpg | attempt=1
2026-05-24 11:45:55,429 | INFO | ingestion | Media ingestion completed | modality=image | id=image_f1802cc7749b4b9aa1d99664408ea2c5
2026-05-24 11:45:55,432 | INFO | cold_start | Cold start ingestion completed | page=Bird | new_items=3
2026-05-24 11:45:55,443 | INFO | main | Vector search rerun completed | count=10
2026-05-24 11:45:55,444 | INFO | main | BM25 search rerun completed | count=3
2026-05-24 11:45:55,445 | INFO | main | Hybrid merge rerun completed | count=12
2026-05-24 11:45:55,445 | INFO | main | Response sent | type=audio
2026-05-24 11:48:11,112 | INFO | wikipediaapi._http_client.base_http_client | Wikipedia: language=en, user_agent: multimodal-rag-project/1.0 (Wikipedia-API/0.14.1; https://github.com/martin-majlis/Wikipedia-API/), extract_format=1
2026-05-24 11:48:11,525 | INFO | main | Backend started successfully
2026-05-24 11:48:15,134 | INFO | wikipediaapi._http_client.base_http_client | Wikipedia: language=en, user_agent: multimodal-rag-project/1.0 (Wikipedia-API/0.14.1; https://github.com/martin-majlis/Wikipedia-API/), extract_format=1
2026-05-24 11:48:15,470 | INFO | main | Backend started successfully
2026-05-24 11:48:36,627 | INFO | wikipediaapi._http_client.base_http_client | Wikipedia: language=en, user_agent: multimodal-rag-project/1.0 (Wikipedia-API/0.14.1; https://github.com/martin-majlis/Wikipedia-API/), extract_format=1
2026-05-24 11:48:36,954 | INFO | main | Backend started successfully
2026-05-24 11:53:03,609 | INFO | main | Query received | query=tell me about birds
2026-05-24 11:53:03,610 | INFO | main | Intent detected | intent=text
2026-05-24 11:53:05,507 | INFO | main | Query embedding created
2026-05-24 11:53:05,600 | INFO | main | Vector search completed | count=10
2026-05-24 11:53:05,601 | INFO | main | BM25 search completed | count=0
2026-05-24 11:53:05,601 | INFO | main | Hybrid merge completed | count=10
2026-05-24 11:53:09,767 | INFO | main | Response sent | type=text
2026-05-24 11:54:02,231 | INFO | main | Query received | query=tell me about Andhra Pradesh
2026-05-24 11:54:02,232 | INFO | main | Intent detected | intent=text
2026-05-24 11:54:03,042 | INFO | main | Query embedding created
2026-05-24 11:54:03,048 | INFO | main | Vector search completed | count=10
2026-05-24 11:54:03,049 | INFO | main | BM25 search completed | count=0
2026-05-24 11:54:03,050 | INFO | main | Hybrid merge completed | count=10
2026-05-24 11:54:03,050 | INFO | main | Cold start needed | top_score=0.07949507236480713
2026-05-24 11:54:03,052 | INFO | cold_start | Cold start triggered | query=tell me about Andhra Pradesh
2026-05-24 11:54:03,053 | INFO | cold_start | Wikipedia search query normalized | original=tell me about Andhra Pradesh | clean=andhra pradesh
2026-05-24 11:54:06,197 | INFO | cold_start | Wikipedia best page selected | title=Andhra Pradesh
2026-05-24 11:54:06,198 | INFO | wikipediaapi._http_client.sync_http_client | Request URL: https://en.wikipedia.org/w/api.php?format=json&redirects=1&action=query&prop=info&titles=Andhra Pradesh&inprop=protection|talkid|watched|watchers|visitingwatchers|notificationtimestamp|subjectid|url|readable|preload|displaytitle|varianttitles
2026-05-24 11:54:07,625 | INFO | httpx | HTTP Request: GET https://en.wikipedia.org/w/api.php?format=json&redirects=1&action=query&prop=info&titles=Andhra+Pradesh&inprop=protection%7Ctalkid%7Cwatched%7Cwatchers%7Cvisitingwatchers%7Cnotificationtimestamp%7Csubjectid%7Curl%7Creadable%7Cpreload%7Cdisplaytitle%7Cvarianttitles "HTTP/1.1 200 OK"
2026-05-24 11:54:07,627 | INFO | wikipediaapi._http_client.sync_http_client | Request URL: https://en.wikipedia.org/w/api.php?format=json&redirects=1&action=query&prop=extracts&titles=Andhra Pradesh&explaintext=1&exsectionformat=wiki
2026-05-24 11:54:08,472 | INFO | httpx | HTTP Request: GET https://en.wikipedia.org/w/api.php?format=json&redirects=1&action=query&prop=extracts&titles=Andhra+Pradesh&explaintext=1&exsectionformat=wiki "HTTP/1.1 200 OK"
2026-05-24 11:54:11,185 | INFO | ingestion | Text ingestion completed | chunks=2
2026-05-24 11:55:41,464 | INFO | main | Query received | query=gave me bird image
2026-05-24 11:55:41,465 | INFO | main | Intent detected | intent=image
2026-05-24 11:55:42,230 | INFO | main | Query embedding created
2026-05-24 11:55:42,237 | INFO | main | Vector search completed | count=10
2026-05-24 11:55:42,237 | INFO | main | BM25 search completed | count=0
2026-05-24 11:55:42,238 | INFO | main | Hybrid merge completed | count=10
2026-05-24 11:55:42,246 | INFO | main | Cold start needed | top_score=0.05052840709686279
2026-05-24 11:55:42,246 | INFO | cold_start | Cold start triggered | query=gave me bird image
2026-05-24 11:55:42,247 | INFO | cold_start | Wikipedia search query normalized | original=gave me bird image | clean=bird
2026-05-24 11:55:43,927 | INFO | cold_start | Wikipedia best page selected | title=Bird
2026-05-24 11:55:43,928 | INFO | wikipediaapi._http_client.sync_http_client | Request URL: https://en.wikipedia.org/w/api.php?format=json&redirects=1&action=query&prop=info&titles=Bird&inprop=protection|talkid|watched|watchers|visitingwatchers|notificationtimestamp|subjectid|url|readable|preload|displaytitle|varianttitles
2026-05-24 11:55:44,589 | INFO | httpx | HTTP Request: GET https://en.wikipedia.org/w/api.php?format=json&redirects=1&action=query&prop=info&titles=Bird&inprop=protection%7Ctalkid%7Cwatched%7Cwatchers%7Cvisitingwatchers%7Cnotificationtimestamp%7Csubjectid%7Curl%7Creadable%7Cpreload%7Cdisplaytitle%7Cvarianttitles "HTTP/1.1 429 Too Many Requests"
2026-05-24 11:56:01,698 | INFO | httpx | HTTP Request: GET https://en.wikipedia.org/w/api.php?format=json&redirects=1&action=query&prop=info&titles=Bird&inprop=protection%7Ctalkid%7Cwatched%7Cwatchers%7Cvisitingwatchers%7Cnotificationtimestamp%7Csubjectid%7Curl%7Creadable%7Cpreload%7Cdisplaytitle%7Cvarianttitles "HTTP/1.1 200 OK"
2026-05-24 11:56:01,699 | INFO | wikipediaapi._http_client.sync_http_client | Request URL: https://en.wikipedia.org/w/api.php?format=json&redirects=1&action=query&prop=extracts&titles=Bird&explaintext=1&exsectionformat=wiki
2026-05-24 11:56:02,070 | INFO | httpx | HTTP Request: GET https://en.wikipedia.org/w/api.php?format=json&redirects=1&action=query&prop=extracts&titles=Bird&explaintext=1&exsectionformat=wiki "HTTP/1.1 200 OK"
2026-05-24 11:56:02,889 | INFO | ingestion | Text ingestion completed | chunks=1
2026-05-24 12:05:09,082 | INFO | wikipediaapi._http_client.base_http_client | Wikipedia: language=en, user_agent: multimodal-rag-project/1.0 (Wikipedia-API/0.14.1; https://github.com/martin-majlis/Wikipedia-API/), extract_format=1
2026-05-24 12:05:09,924 | INFO | main | Backend started successfully
2026-05-24 12:05:18,319 | INFO | wikipediaapi._http_client.base_http_client | Wikipedia: language=en, user_agent: multimodal-rag-project/1.0 (Wikipedia-API/0.14.1; https://github.com/martin-majlis/Wikipedia-API/), extract_format=1
2026-05-24 12:05:18,750 | INFO | main | Backend started successfully
2026-05-24 12:06:22,851 | INFO | main | Query received | query=tell me about Madhya Pradesh
2026-05-24 12:06:22,853 | INFO | main | Intent detected | intent=text
2026-05-24 12:06:24,129 | INFO | main | Query embedding created
2026-05-24 12:06:24,194 | INFO | main | Vector search completed | count=10
2026-05-24 12:06:24,194 | INFO | main | BM25 search completed | count=0
2026-05-24 12:06:24,194 | INFO | main | Hybrid merge completed | count=10
2026-05-24 12:06:24,194 | INFO | main | Cold start needed | top_score=0.2458043098449707
2026-05-24 12:06:24,194 | INFO | cold_start | Cold start triggered | query=tell me about Madhya Pradesh
2026-05-24 12:06:24,194 | INFO | cold_start | Wikipedia search query normalized | original=tell me about Madhya Pradesh | clean=madhya pradesh
2026-05-24 12:06:25,323 | INFO | cold_start | Wikipedia best page selected | title=Madhya Pradesh
2026-05-24 12:06:25,324 | INFO | wikipediaapi._http_client.sync_http_client | Request URL: https://en.wikipedia.org/w/api.php?format=json&redirects=1&action=query&prop=info&titles=Madhya Pradesh&inprop=protection|talkid|watched|watchers|visitingwatchers|notificationtimestamp|subjectid|url|readable|preload|displaytitle|varianttitles
2026-05-24 12:06:25,858 | INFO | httpx | HTTP Request: GET https://en.wikipedia.org/w/api.php?format=json&redirects=1&action=query&prop=info&titles=Madhya+Pradesh&inprop=protection%7Ctalkid%7Cwatched%7Cwatchers%7Cvisitingwatchers%7Cnotificationtimestamp%7Csubjectid%7Curl%7Creadable%7Cpreload%7Cdisplaytitle%7Cvarianttitles "HTTP/1.1 429 Too Many Requests"
2026-05-24 12:07:01,567 | INFO | httpx | HTTP Request: GET https://en.wikipedia.org/w/api.php?format=json&redirects=1&action=query&prop=info&titles=Madhya+Pradesh&inprop=protection%7Ctalkid%7Cwatched%7Cwatchers%7Cvisitingwatchers%7Cnotificationtimestamp%7Csubjectid%7Curl%7Creadable%7Cpreload%7Cdisplaytitle%7Cvarianttitles "HTTP/1.1 200 OK"
2026-05-24 12:07:01,568 | INFO | wikipediaapi._http_client.sync_http_client | Request URL: https://en.wikipedia.org/w/api.php?format=json&redirects=1&action=query&prop=extracts&titles=Madhya Pradesh&explaintext=1&exsectionformat=wiki
2026-05-24 12:07:02,436 | INFO | httpx | HTTP Request: GET https://en.wikipedia.org/w/api.php?format=json&redirects=1&action=query&prop=extracts&titles=Madhya+Pradesh&explaintext=1&exsectionformat=wiki "HTTP/1.1 200 OK"
2026-05-24 12:07:05,051 | INFO | ingestion | Text ingestion completed | chunks=4
2026-05-24 12:07:09,942 | INFO | ingestion | Media embedding attempt | file=./data/media\544fc371b97643568f9ae766acf469af.jpg | attempt=1
2026-05-24 12:07:21,097 | INFO | ingestion | Media description attempt | modality=image | file=./data/media\544fc371b97643568f9ae766acf469af.jpg | attempt=1
2026-05-24 12:07:40,218 | INFO | ingestion | Media ingestion completed | modality=image | id=image_f64fe4778fbf472a9504d85c6d429bf8
2026-05-24 12:07:42,392 | INFO | ingestion | Media embedding attempt | file=./data/media\2c8e7542504e41ea9795c07b8f2731a9.jpg | attempt=1
2026-05-24 12:07:54,611 | INFO | ingestion | Media description attempt | modality=image | file=./data/media\2c8e7542504e41ea9795c07b8f2731a9.jpg | attempt=1
2026-05-24 12:08:08,057 | INFO | ingestion | Media ingestion completed | modality=image | id=image_8d0834a9a29f407da47f9186b004c0aa
2026-05-24 12:08:08,059 | INFO | cold_start | Cold start ingestion completed | page=Madhya Pradesh | text_items=4 | images=2 | audios=0 | videos=0 | total_new=6
2026-05-24 12:08:08,061 | INFO | main | Vector search rerun completed | count=10
2026-05-24 12:08:08,062 | INFO | main | BM25 search rerun completed | count=6
2026-05-24 12:08:08,063 | INFO | main | Hybrid merge rerun completed | count=12
2026-05-24 12:08:12,522 | INFO | main | Response sent | type=text
2026-05-24 12:09:05,999 | INFO | main | Query received | query=gave me Madhya Pradesh image
2026-05-24 12:09:06,000 | INFO | main | Intent detected | intent=image
2026-05-24 12:09:06,614 | INFO | main | Query embedding created
2026-05-24 12:09:06,617 | INFO | main | Vector search completed | count=10
2026-05-24 12:09:06,618 | INFO | main | BM25 search completed | count=6
2026-05-24 12:09:06,618 | INFO | main | Hybrid merge completed | count=12
2026-05-24 12:09:06,618 | INFO | main | Response sent | type=image
2026-05-24 12:09:25,415 | INFO | main | Query received | query=gave me Madhya Pradesh audio
2026-05-24 12:09:25,416 | INFO | main | Intent detected | intent=audio
2026-05-24 12:09:26,143 | INFO | main | Query embedding created
2026-05-24 12:09:26,146 | INFO | main | Vector search completed | count=10
2026-05-24 12:09:26,146 | INFO | main | BM25 search completed | count=6
2026-05-24 12:09:26,147 | INFO | main | Hybrid merge completed | count=12
2026-05-24 12:09:26,147 | INFO | main | Response sent | type=audio
2026-05-24 12:09:39,985 | INFO | main | Query received | query=gave me Madhya Pradesh video
2026-05-24 12:09:39,986 | INFO | main | Intent detected | intent=video
2026-05-24 12:09:40,870 | INFO | main | Query embedding created
2026-05-24 12:09:40,873 | INFO | main | Vector search completed | count=10
2026-05-24 12:09:40,873 | INFO | main | BM25 search completed | count=6
2026-05-24 12:09:40,873 | INFO | main | Hybrid merge completed | count=12
2026-05-24 12:09:40,873 | INFO | main | Response sent | type=video
2026-05-24 12:10:15,193 | INFO | main | Query received | query=tell me about tiger
2026-05-24 12:10:15,193 | INFO | main | Intent detected | intent=text
2026-05-24 12:10:15,735 | INFO | main | Query embedding created
2026-05-24 12:10:15,741 | INFO | main | Vector search completed | count=10
2026-05-24 12:10:15,741 | INFO | main | BM25 search completed | count=6
2026-05-24 12:10:15,742 | INFO | main | Hybrid merge completed | count=14
2026-05-24 12:10:15,742 | INFO | main | Cold start needed | top_score=0.09791696071624756
2026-05-24 12:10:15,742 | INFO | cold_start | Cold start triggered | query=tell me about tiger
2026-05-24 12:10:15,742 | INFO | cold_start | Wikipedia search query normalized | original=tell me about tiger | clean=tiger
2026-05-24 12:10:16,704 | INFO | cold_start | Wikipedia best page selected | title=Tiger
2026-05-24 12:10:16,705 | INFO | wikipediaapi._http_client.sync_http_client | Request URL: https://en.wikipedia.org/w/api.php?format=json&redirects=1&action=query&prop=info&titles=Tiger&inprop=protection|talkid|watched|watchers|visitingwatchers|notificationtimestamp|subjectid|url|readable|preload|displaytitle|varianttitles
2026-05-24 12:10:17,339 | INFO | httpx | HTTP Request: GET https://en.wikipedia.org/w/api.php?format=json&redirects=1&action=query&prop=info&titles=Tiger&inprop=protection%7Ctalkid%7Cwatched%7Cwatchers%7Cvisitingwatchers%7Cnotificationtimestamp%7Csubjectid%7Curl%7Creadable%7Cpreload%7Cdisplaytitle%7Cvarianttitles "HTTP/1.1 429 Too Many Requests"
2026-05-24 12:11:01,158 | INFO | httpx | HTTP Request: GET https://en.wikipedia.org/w/api.php?format=json&redirects=1&action=query&prop=info&titles=Tiger&inprop=protection%7Ctalkid%7Cwatched%7Cwatchers%7Cvisitingwatchers%7Cnotificationtimestamp%7Csubjectid%7Curl%7Creadable%7Cpreload%7Cdisplaytitle%7Cvarianttitles "HTTP/1.1 200 OK"
2026-05-24 12:11:01,159 | INFO | wikipediaapi._http_client.sync_http_client | Request URL: https://en.wikipedia.org/w/api.php?format=json&redirects=1&action=query&prop=extracts&titles=Tiger&explaintext=1&exsectionformat=wiki
2026-05-24 12:11:01,798 | INFO | httpx | HTTP Request: GET https://en.wikipedia.org/w/api.php?format=json&redirects=1&action=query&prop=extracts&titles=Tiger&explaintext=1&exsectionformat=wiki "HTTP/1.1 200 OK"
2026-05-24 12:11:03,449 | INFO | ingestion | Text ingestion completed | chunks=2
2026-05-24 12:11:08,920 | INFO | ingestion | Media embedding attempt | file=./data/media\520eba7fdbee4a1d84df17ebef96f66f.jpg | attempt=1
2026-05-24 12:11:21,445 | INFO | ingestion | Media description attempt | modality=image | file=./data/media\520eba7fdbee4a1d84df17ebef96f66f.jpg | attempt=1
2026-05-24 12:11:37,980 | INFO | ingestion | Media ingestion completed | modality=image | id=image_2a5f2072435f475788b4c4621f52f7eb
2026-05-24 12:11:39,632 | INFO | ingestion | Media embedding attempt | file=./data/media\254bf358e2d24653bc99e1b0b53d9c3f.jpg | attempt=1
2026-05-24 12:11:54,291 | INFO | ingestion | Media description attempt | modality=image | file=./data/media\254bf358e2d24653bc99e1b0b53d9c3f.jpg | attempt=1
2026-05-24 12:12:12,529 | INFO | ingestion | Media ingestion completed | modality=image | id=image_5999b0c8c1d146748dd12250ca849d8c
2026-05-24 12:12:16,187 | INFO | ingestion | Media embedding attempt | file=./data/media\a0d633feeaf64f66835dcfbdb429ab8c.wav | attempt=1
2026-05-24 12:12:31,731 | INFO | ingestion | Media description attempt | modality=audio | file=./data/media\a0d633feeaf64f66835dcfbdb429ab8c.wav | attempt=1
2026-05-24 12:12:50,002 | INFO | ingestion | Media ingestion completed | modality=audio | id=audio_d6826c3d39f445d89500a16788ac7eda
2026-05-24 12:12:50,003 | INFO | cold_start | Cold start ingestion completed | page=Tiger | text_items=2 | images=2 | audios=1 | videos=0 | total_new=5
2026-05-24 12:12:50,006 | INFO | main | Vector search rerun completed | count=10
2026-05-24 12:12:50,006 | INFO | main | BM25 search rerun completed | count=5
2026-05-24 12:12:50,007 | INFO | main | Hybrid merge rerun completed | count=12
2026-05-24 12:12:53,492 | INFO | main | Response sent | type=text
2026-05-24 12:16:02,836 | INFO | main | Query received | query=gave me tiger image
2026-05-24 12:16:02,837 | INFO | main | Intent detected | intent=image
2026-05-24 12:16:03,702 | INFO | main | Query embedding created
2026-05-24 12:16:03,704 | INFO | main | Vector search completed | count=10
2026-05-24 12:16:03,705 | INFO | main | BM25 search completed | count=5
2026-05-24 12:16:03,705 | INFO | main | Hybrid merge completed | count=12
2026-05-24 12:16:03,706 | INFO | main | Cold start needed | top_score=0.18515753746032715
2026-05-24 12:16:03,706 | INFO | cold_start | Cold start triggered | query=gave me tiger image
2026-05-24 12:16:03,706 | INFO | cold_start | Wikipedia search query normalized | original=gave me tiger image | clean=tiger
2026-05-24 12:16:04,848 | INFO | cold_start | Wikipedia best page selected | title=Tiger
2026-05-24 12:16:04,848 | INFO | wikipediaapi._http_client.sync_http_client | Request URL: https://en.wikipedia.org/w/api.php?format=json&redirects=1&action=query&prop=info&titles=Tiger&inprop=protection|talkid|watched|watchers|visitingwatchers|notificationtimestamp|subjectid|url|readable|preload|displaytitle|varianttitles
2026-05-24 12:16:05,440 | INFO | httpx | HTTP Request: GET https://en.wikipedia.org/w/api.php?format=json&redirects=1&action=query&prop=info&titles=Tiger&inprop=protection%7Ctalkid%7Cwatched%7Cwatchers%7Cvisitingwatchers%7Cnotificationtimestamp%7Csubjectid%7Curl%7Creadable%7Cpreload%7Cdisplaytitle%7Cvarianttitles "HTTP/1.1 200 OK"
2026-05-24 12:16:05,441 | INFO | wikipediaapi._http_client.sync_http_client | Request URL: https://en.wikipedia.org/w/api.php?format=json&redirects=1&action=query&prop=extracts&titles=Tiger&explaintext=1&exsectionformat=wiki
2026-05-24 12:16:06,549 | INFO | httpx | HTTP Request: GET https://en.wikipedia.org/w/api.php?format=json&redirects=1&action=query&prop=extracts&titles=Tiger&explaintext=1&exsectionformat=wiki "HTTP/1.1 200 OK"
2026-05-24 12:16:07,750 | INFO | ingestion | Text ingestion completed | chunks=2
2026-05-24 12:16:12,903 | INFO | ingestion | Media embedding attempt | file=./data/media\764d27483b464090a8fcc5405c8c4923.jpg | attempt=1
2026-05-24 12:16:23,243 | INFO | ingestion | Media description attempt | modality=image | file=./data/media\764d27483b464090a8fcc5405c8c4923.jpg | attempt=1
2026-05-24 12:16:37,550 | INFO | ingestion | Media ingestion completed | modality=image | id=image_6ad50b4937d845b7a64a11bfbecf70da
2026-05-24 12:16:39,062 | INFO | ingestion | Media embedding attempt | file=./data/media\ab2ff2505fb141b59eaced745d1a0600.jpg | attempt=1
2026-05-24 12:16:55,245 | INFO | ingestion | Media description attempt | modality=image | file=./data/media\ab2ff2505fb141b59eaced745d1a0600.jpg | attempt=1
2026-05-24 12:17:08,541 | INFO | ingestion | Media ingestion completed | modality=image | id=image_7e9592243816452da39346ea41bfb845
2026-05-24 12:17:10,633 | INFO | ingestion | Media embedding attempt | file=./data/media\e82f33ace76a4e2cba417e317c08a993.wav | attempt=1
2026-05-24 12:17:25,428 | INFO | ingestion | Media description attempt | modality=audio | file=./data/media\e82f33ace76a4e2cba417e317c08a993.wav | attempt=1
2026-05-24 12:17:45,671 | INFO | ingestion | Media ingestion completed | modality=audio | id=audio_608e1d84bd424f5ebf15df8f0cff9d57
2026-05-24 12:17:45,672 | INFO | cold_start | Cold start ingestion completed | page=Tiger | text_items=2 | images=2 | audios=1 | videos=0 | total_new=5
2026-05-24 12:17:45,675 | INFO | main | Vector search rerun completed | count=10
2026-05-24 12:17:45,675 | INFO | main | BM25 search rerun completed | count=5
2026-05-24 12:17:45,676 | INFO | main | Hybrid merge rerun completed | count=12
2026-05-24 12:17:45,676 | INFO | main | Response sent | type=image
2026-05-24 12:19:56,830 | INFO | main | Query received | query=gave me tiger audio
2026-05-24 12:19:56,831 | INFO | main | Intent detected | intent=audio
2026-05-24 12:19:58,803 | INFO | main | Query embedding created
2026-05-24 12:19:58,807 | INFO | main | Vector search completed | count=10
2026-05-24 12:19:58,809 | INFO | main | BM25 search completed | count=5
2026-05-24 12:19:58,809 | INFO | main | Hybrid merge completed | count=12
2026-05-24 12:19:58,809 | INFO | main | Cold start needed | top_score=0.13772928714752197
2026-05-24 12:19:58,810 | INFO | cold_start | Cold start triggered | query=gave me tiger audio
2026-05-24 12:19:58,810 | INFO | cold_start | Wikipedia search query normalized | original=gave me tiger audio | clean=tiger
2026-05-24 12:20:00,387 | INFO | cold_start | Wikipedia best page selected | title=Tiger
2026-05-24 12:20:00,387 | INFO | wikipediaapi._http_client.sync_http_client | Request URL: https://en.wikipedia.org/w/api.php?format=json&redirects=1&action=query&prop=info&titles=Tiger&inprop=protection|talkid|watched|watchers|visitingwatchers|notificationtimestamp|subjectid|url|readable|preload|displaytitle|varianttitles
2026-05-24 12:20:01,328 | INFO | httpx | HTTP Request: GET https://en.wikipedia.org/w/api.php?format=json&redirects=1&action=query&prop=info&titles=Tiger&inprop=protection%7Ctalkid%7Cwatched%7Cwatchers%7Cvisitingwatchers%7Cnotificationtimestamp%7Csubjectid%7Curl%7Creadable%7Cpreload%7Cdisplaytitle%7Cvarianttitles "HTTP/1.1 200 OK"
2026-05-24 12:20:01,329 | INFO | wikipediaapi._http_client.sync_http_client | Request URL: https://en.wikipedia.org/w/api.php?format=json&redirects=1&action=query&prop=extracts&titles=Tiger&explaintext=1&exsectionformat=wiki
2026-05-24 12:20:02,287 | INFO | httpx | HTTP Request: GET https://en.wikipedia.org/w/api.php?format=json&redirects=1&action=query&prop=extracts&titles=Tiger&explaintext=1&exsectionformat=wiki "HTTP/1.1 200 OK"
2026-05-24 12:20:03,663 | INFO | ingestion | Text ingestion completed | chunks=2
2026-05-24 12:20:08,835 | INFO | ingestion | Media embedding attempt | file=./data/media\69789c036d434acc9d30ae04af51759b.jpg | attempt=1
2026-05-24 12:20:21,090 | INFO | ingestion | Media description attempt | modality=image | file=./data/media\69789c036d434acc9d30ae04af51759b.jpg | attempt=1
2026-05-24 12:20:34,951 | INFO | ingestion | Media ingestion completed | modality=image | id=image_1a8564fff21942278e7bb982da88ece3
2026-05-24 12:20:36,531 | INFO | ingestion | Media embedding attempt | file=./data/media\85273c81ab3f4ce78c74d00cdc098a1e.jpg | attempt=1
2026-05-24 12:20:51,390 | INFO | ingestion | Media description attempt | modality=image | file=./data/media\85273c81ab3f4ce78c74d00cdc098a1e.jpg | attempt=1
2026-05-24 12:21:07,267 | INFO | ingestion | Media ingestion completed | modality=image | id=image_99bf9a6f3dd14277bf088e32c0d29958
2026-05-24 12:21:09,611 | INFO | ingestion | Media embedding attempt | file=./data/media\6209767f42144c45bc5fc2a009080399.wav | attempt=1
2026-05-24 12:21:23,387 | INFO | ingestion | Media description attempt | modality=audio | file=./data/media\6209767f42144c45bc5fc2a009080399.wav | attempt=1
2026-05-24 12:21:42,232 | INFO | ingestion | Media ingestion completed | modality=audio | id=audio_39d5e18fa9a54e2d8cc7f622c299247b
2026-05-24 12:21:42,234 | INFO | cold_start | Cold start ingestion completed | page=Tiger | text_items=2 | images=2 | audios=1 | videos=0 | total_new=5
2026-05-24 12:21:42,236 | INFO | main | Vector search rerun completed | count=10
2026-05-24 12:21:42,236 | INFO | main | BM25 search rerun completed | count=5
2026-05-24 12:21:42,236 | INFO | main | Hybrid merge rerun completed | count=12
2026-05-24 12:21:42,236 | INFO | main | Response sent | type=audio
2026-05-24 12:23:05,364 | INFO | main | Query received | query=gave me tiger video
2026-05-24 12:23:05,366 | INFO | main | Intent detected | intent=video
2026-05-24 12:23:05,982 | INFO | main | Query embedding created
2026-05-24 12:23:05,986 | INFO | main | Vector search completed | count=10
2026-05-24 12:23:05,991 | INFO | main | BM25 search completed | count=5
2026-05-24 12:23:05,991 | INFO | main | Hybrid merge completed | count=12
2026-05-24 12:23:05,991 | INFO | main | Cold start needed | top_score=0.16161948442459106
2026-05-24 12:23:05,991 | INFO | cold_start | Cold start triggered | query=gave me tiger video
2026-05-24 12:23:05,992 | INFO | cold_start | Wikipedia search query normalized | original=gave me tiger video | clean=tiger
2026-05-24 12:23:07,203 | INFO | cold_start | Wikipedia best page selected | title=Tiger
2026-05-24 12:23:07,203 | INFO | wikipediaapi._http_client.sync_http_client | Request URL: https://en.wikipedia.org/w/api.php?format=json&redirects=1&action=query&prop=info&titles=Tiger&inprop=protection|talkid|watched|watchers|visitingwatchers|notificationtimestamp|subjectid|url|readable|preload|displaytitle|varianttitles
2026-05-24 12:23:07,882 | INFO | httpx | HTTP Request: GET https://en.wikipedia.org/w/api.php?format=json&redirects=1&action=query&prop=info&titles=Tiger&inprop=protection%7Ctalkid%7Cwatched%7Cwatchers%7Cvisitingwatchers%7Cnotificationtimestamp%7Csubjectid%7Curl%7Creadable%7Cpreload%7Cdisplaytitle%7Cvarianttitles "HTTP/1.1 200 OK"
2026-05-24 12:23:07,883 | INFO | wikipediaapi._http_client.sync_http_client | Request URL: https://en.wikipedia.org/w/api.php?format=json&redirects=1&action=query&prop=extracts&titles=Tiger&explaintext=1&exsectionformat=wiki
2026-05-24 12:23:08,936 | INFO | httpx | HTTP Request: GET https://en.wikipedia.org/w/api.php?format=json&redirects=1&action=query&prop=extracts&titles=Tiger&explaintext=1&exsectionformat=wiki "HTTP/1.1 200 OK"
2026-05-24 12:23:10,487 | INFO | ingestion | Text ingestion completed | chunks=2
2026-05-24 12:23:16,816 | INFO | ingestion | Media embedding attempt | file=./data/media\d8022c38f1da4c3ea60b8764aa0c7a06.jpg | attempt=1
2026-05-24 12:23:27,103 | INFO | ingestion | Media description attempt | modality=image | file=./data/media\d8022c38f1da4c3ea60b8764aa0c7a06.jpg | attempt=1
2026-05-24 12:23:41,265 | INFO | ingestion | Media ingestion completed | modality=image | id=image_d81aa05abb7447a68538632e249cff99
2026-05-24 12:23:42,558 | INFO | ingestion | Media embedding attempt | file=./data/media\ee6ef235d946403db6d090ad727e74ce.jpg | attempt=1
2026-05-24 12:23:56,733 | INFO | ingestion | Media description attempt | modality=image | file=./data/media\ee6ef235d946403db6d090ad727e74ce.jpg | attempt=1
2026-05-24 12:24:09,979 | INFO | ingestion | Media ingestion completed | modality=image | id=image_ec8e34d3afbb42888e354b945c97f991
2026-05-24 12:24:12,326 | INFO | ingestion | Media embedding attempt | file=./data/media\a3556d2f5a584f61a38e921bfd9220fb.wav | attempt=1
2026-05-24 12:24:26,614 | INFO | ingestion | Media description attempt | modality=audio | file=./data/media\a3556d2f5a584f61a38e921bfd9220fb.wav | attempt=1
2026-05-24 12:24:47,435 | INFO | ingestion | Media ingestion completed | modality=audio | id=audio_93632db6e78a4b9a891b985b0c40ede2
2026-05-24 12:24:47,437 | INFO | cold_start | Cold start ingestion completed | page=Tiger | text_items=2 | images=2 | audios=1 | videos=0 | total_new=5
2026-05-24 12:24:47,439 | INFO | main | Vector search rerun completed | count=10
2026-05-24 12:24:47,440 | INFO | main | BM25 search rerun completed | count=5
2026-05-24 12:24:47,440 | INFO | main | Hybrid merge rerun completed | count=13
2026-05-24 12:24:47,440 | INFO | main | Response sent | type=video
2026-05-24 12:34:31,251 | INFO | main | Query received | query=gave me dance video
2026-05-24 12:34:31,253 | INFO | main | Intent detected | intent=video
2026-05-24 12:34:32,430 | INFO | main | Query embedding created
2026-05-24 12:34:32,438 | INFO | main | Vector search completed | count=10
2026-05-24 12:34:32,438 | INFO | main | BM25 search completed | count=5
2026-05-24 12:34:32,439 | INFO | main | Hybrid merge completed | count=14
2026-05-24 12:34:32,440 | INFO | main | Cold start needed | top_score=0.007718861103057861
2026-05-24 12:34:32,440 | INFO | cold_start | Cold start triggered | query=gave me dance video
2026-05-24 12:34:32,441 | INFO | cold_start | Wikipedia search query normalized | original=gave me dance video | clean=dance
2026-05-24 12:34:33,748 | INFO | cold_start | Wikipedia best page selected | title=Dance
2026-05-24 12:34:33,749 | INFO | wikipediaapi._http_client.sync_http_client | Request URL: https://en.wikipedia.org/w/api.php?format=json&redirects=1&action=query&prop=info&titles=Dance&inprop=protection|talkid|watched|watchers|visitingwatchers|notificationtimestamp|subjectid|url|readable|preload|displaytitle|varianttitles
2026-05-24 12:34:34,233 | INFO | httpx | HTTP Request: GET https://en.wikipedia.org/w/api.php?format=json&redirects=1&action=query&prop=info&titles=Dance&inprop=protection%7Ctalkid%7Cwatched%7Cwatchers%7Cvisitingwatchers%7Cnotificationtimestamp%7Csubjectid%7Curl%7Creadable%7Cpreload%7Cdisplaytitle%7Cvarianttitles "HTTP/1.1 429 Too Many Requests"
2026-05-24 12:35:01,861 | INFO | httpx | HTTP Request: GET https://en.wikipedia.org/w/api.php?format=json&redirects=1&action=query&prop=info&titles=Dance&inprop=protection%7Ctalkid%7Cwatched%7Cwatchers%7Cvisitingwatchers%7Cnotificationtimestamp%7Csubjectid%7Curl%7Creadable%7Cpreload%7Cdisplaytitle%7Cvarianttitles "HTTP/1.1 200 OK"
2026-05-24 12:35:01,864 | INFO | wikipediaapi._http_client.sync_http_client | Request URL: https://en.wikipedia.org/w/api.php?format=json&redirects=1&action=query&prop=extracts&titles=Dance&explaintext=1&exsectionformat=wiki
2026-05-24 12:35:02,406 | INFO | httpx | HTTP Request: GET https://en.wikipedia.org/w/api.php?format=json&redirects=1&action=query&prop=extracts&titles=Dance&explaintext=1&exsectionformat=wiki "HTTP/1.1 200 OK"
2026-05-24 12:35:03,709 | INFO | ingestion | Text ingestion completed | chunks=2
2026-05-24 12:35:25,345 | INFO | ingestion | Media embedding attempt | file=./data/media\a11b94311e724ac39fd9fd72fec8eeb2.jpg | attempt=1
2026-05-24 12:38:04,041 | INFO | ingestion | Media description attempt | modality=image | file=./data/media\a11b94311e724ac39fd9fd72fec8eeb2.jpg | attempt=1
2026-05-24 12:40:09,078 | INFO | ingestion | Media ingestion completed | modality=image | id=image_33e3df8c164f40eabb5babd8bc1839b6
2026-05-24 12:40:11,085 | INFO | ingestion | Media embedding attempt | file=./data/media\b70cda9624094f14997471650cdce75b.jpg | attempt=1
2026-05-24 12:40:29,766 | INFO | ingestion | Media description attempt | modality=image | file=./data/media\b70cda9624094f14997471650cdce75b.jpg | attempt=1
2026-05-24 12:40:50,539 | INFO | ingestion | Media ingestion completed | modality=image | id=image_dfe6e552d3244846b9b60e7551af743f
2026-05-24 12:40:56,110 | INFO | ingestion | Media embedding attempt | file=./data/media\080713e245af4c19bda9ca46ca9e10eb.webm | attempt=1
2026-05-24 12:41:39,381 | INFO | ingestion | Media description attempt | modality=video | file=./data/media\080713e245af4c19bda9ca46ca9e10eb.webm | attempt=1
2026-05-24 12:42:20,490 | WARNING | ingestion | Media description failed | modality=video | file=./data/media\080713e245af4c19bda9ca46ca9e10eb.webm | attempt=1 | error=400 The File n6mjrzwmushc is not in an ACTIVE state and usage is not allowed.
2026-05-24 12:42:22,493 | INFO | ingestion | Media description attempt | modality=video | file=./data/media\080713e245af4c19bda9ca46ca9e10eb.webm | attempt=2
2026-05-24 12:43:05,734 | WARNING | ingestion | Media description failed | modality=video | file=./data/media\080713e245af4c19bda9ca46ca9e10eb.webm | attempt=2 | error=400 The File 9b6v9wezjpz6 is not in an ACTIVE state and usage is not allowed.
2026-05-24 12:43:09,762 | INFO | ingestion | Media ingestion completed | modality=video | id=video_e184644707de4e69b98b74246f0bbdac
2026-05-24 12:43:09,766 | INFO | cold_start | Cold start ingestion completed | page=Dance | text_items=2 | images=2 | audios=0 | videos=1 | total_new=5
2026-05-24 12:43:09,780 | INFO | main | Vector search rerun completed | count=10
2026-05-24 12:43:09,785 | INFO | main | BM25 search rerun completed | count=5
2026-05-24 12:43:09,786 | INFO | main | Hybrid merge rerun completed | count=13
2026-05-24 12:43:09,787 | INFO | main | Response sent | type=video
2026-05-24 12:43:19,028 | INFO | wikipediaapi._http_client.base_http_client | Wikipedia: language=en, user_agent: multimodal-rag-project/1.0 (Wikipedia-API/0.14.1; https://github.com/martin-majlis/Wikipedia-API/), extract_format=1
2026-05-24 12:43:19,461 | INFO | main | Backend started successfully
2026-05-24 12:46:08,206 | INFO | main | Query received | query=tell me about dance
2026-05-24 12:46:08,206 | INFO | main | Intent detected | intent=text
2026-05-24 12:46:09,152 | INFO | main | Query embedding created
2026-05-24 12:46:09,213 | INFO | main | Vector search completed | count=10
2026-05-24 12:46:09,214 | INFO | main | BM25 search completed | count=5
2026-05-24 12:46:09,214 | INFO | main | Hybrid merge completed | count=13
2026-05-24 12:46:14,573 | INFO | main | Response sent | type=text
2026-05-24 12:46:27,711 | INFO | main | Query received | query=gave me dance images
2026-05-24 12:46:27,712 | INFO | main | Intent detected | intent=image
2026-05-24 12:46:28,130 | INFO | main | Query embedding created
2026-05-24 12:46:28,134 | INFO | main | Vector search completed | count=10
2026-05-24 12:46:28,134 | INFO | main | BM25 search completed | count=5
2026-05-24 12:46:28,134 | INFO | main | Hybrid merge completed | count=13
2026-05-24 12:46:28,135 | INFO | main | Cold start needed | top_score=0.17935144901275635
2026-05-24 12:46:28,135 | INFO | cold_start | Cold start triggered | query=gave me dance images
2026-05-24 12:46:28,135 | INFO | cold_start | Wikipedia search query normalized | original=gave me dance images | clean=dance
2026-05-24 12:46:29,079 | INFO | cold_start | Wikipedia best page selected | title=Dance
2026-05-24 12:46:29,079 | INFO | wikipediaapi._http_client.sync_http_client | Request URL: https://en.wikipedia.org/w/api.php?format=json&redirects=1&action=query&prop=info&titles=Dance&inprop=protection|talkid|watched|watchers|visitingwatchers|notificationtimestamp|subjectid|url|readable|preload|displaytitle|varianttitles
2026-05-24 12:46:29,585 | INFO | httpx | HTTP Request: GET https://en.wikipedia.org/w/api.php?format=json&redirects=1&action=query&prop=info&titles=Dance&inprop=protection%7Ctalkid%7Cwatched%7Cwatchers%7Cvisitingwatchers%7Cnotificationtimestamp%7Csubjectid%7Curl%7Creadable%7Cpreload%7Cdisplaytitle%7Cvarianttitles "HTTP/1.1 429 Too Many Requests"
2026-05-24 12:47:01,253 | INFO | httpx | HTTP Request: GET https://en.wikipedia.org/w/api.php?format=json&redirects=1&action=query&prop=info&titles=Dance&inprop=protection%7Ctalkid%7Cwatched%7Cwatchers%7Cvisitingwatchers%7Cnotificationtimestamp%7Csubjectid%7Curl%7Creadable%7Cpreload%7Cdisplaytitle%7Cvarianttitles "HTTP/1.1 200 OK"
2026-05-24 12:47:01,253 | INFO | wikipediaapi._http_client.sync_http_client | Request URL: https://en.wikipedia.org/w/api.php?format=json&redirects=1&action=query&prop=extracts&titles=Dance&explaintext=1&exsectionformat=wiki
2026-05-24 12:47:02,061 | INFO | httpx | HTTP Request: GET https://en.wikipedia.org/w/api.php?format=json&redirects=1&action=query&prop=extracts&titles=Dance&explaintext=1&exsectionformat=wiki "HTTP/1.1 200 OK"
2026-05-24 12:47:03,358 | INFO | ingestion | Text ingestion completed | chunks=2
2026-05-24 12:47:15,031 | INFO | ingestion | Media embedding attempt | file=./data/media\f0557f7021fd40b5be7c9afc5d17e1ca.jpg | attempt=1
2026-05-24 12:49:35,929 | INFO | ingestion | Media description attempt | modality=image | file=./data/media\f0557f7021fd40b5be7c9afc5d17e1ca.jpg | attempt=1
2026-05-24 12:51:53,104 | INFO | ingestion | Media ingestion completed | modality=image | id=image_fdf76cd27e494d28989acf5e79a47a61
2026-05-24 12:51:55,877 | INFO | ingestion | Media embedding attempt | file=./data/media\48c46f12c24645bf887954eae58abdbf.jpg | attempt=1
2026-05-24 12:52:12,820 | INFO | ingestion | Media description attempt | modality=image | file=./data/media\48c46f12c24645bf887954eae58abdbf.jpg | attempt=1
2026-05-24 12:52:30,566 | INFO | ingestion | Media ingestion completed | modality=image | id=image_7c6c32b9705c4537b891454df9cfdf2b
2026-05-24 12:52:35,225 | INFO | ingestion | Media embedding attempt | file=./data/media\427ae353ee1a4acc876e2948264c3b47.webm | attempt=1
2026-05-24 12:53:21,953 | INFO | ingestion | Media description attempt | modality=video | file=./data/media\427ae353ee1a4acc876e2948264c3b47.webm | attempt=1
2026-05-24 12:54:07,186 | WARNING | ingestion | Media description failed | modality=video | file=./data/media\427ae353ee1a4acc876e2948264c3b47.webm | attempt=1 | error=400 The File e63ay4pizshw is not in an ACTIVE state and usage is not allowed.
2026-05-24 12:54:09,188 | INFO | ingestion | Media description attempt | modality=video | file=./data/media\427ae353ee1a4acc876e2948264c3b47.webm | attempt=2
2026-05-24 12:55:00,120 | WARNING | ingestion | Media description failed | modality=video | file=./data/media\427ae353ee1a4acc876e2948264c3b47.webm | attempt=2 | error=400 The File 1l1723rruc1m is not in an ACTIVE state and usage is not allowed.
2026-05-24 12:55:04,153 | INFO | ingestion | Media ingestion completed | modality=video | id=video_e6c46b41c3e6441eb12001728621eaa6
2026-05-24 12:55:04,161 | INFO | cold_start | Cold start ingestion completed | page=Dance | text_items=2 | images=2 | audios=0 | videos=1 | total_new=5
2026-05-24 12:55:04,177 | INFO | main | Vector search rerun completed | count=10
2026-05-24 12:55:04,181 | INFO | main | BM25 search rerun completed | count=5
2026-05-24 12:55:04,182 | INFO | main | Hybrid merge rerun completed | count=13
2026-05-24 12:55:04,183 | INFO | main | Response sent | type=image
2026-05-24 12:55:13,025 | INFO | wikipediaapi._http_client.base_http_client | Wikipedia: language=en, user_agent: multimodal-rag-project/1.0 (Wikipedia-API/0.14.1; https://github.com/martin-majlis/Wikipedia-API/), extract_format=1
2026-05-24 12:55:13,460 | INFO | main | Backend started successfully
2026-05-24 12:55:17,070 | INFO | wikipediaapi._http_client.base_http_client | Wikipedia: language=en, user_agent: multimodal-rag-project/1.0 (Wikipedia-API/0.14.1; https://github.com/martin-majlis/Wikipedia-API/), extract_format=1
2026-05-24 12:55:17,445 | INFO | main | Backend started successfully
2026-05-24 12:57:36,951 | INFO | wikipediaapi._http_client.base_http_client | Wikipedia: language=en, user_agent: multimodal-rag-project/1.0 (Wikipedia-API/0.14.1; https://github.com/martin-majlis/Wikipedia-API/), extract_format=1
2026-05-24 12:57:37,268 | INFO | main | Backend started successfully
2026-05-24 13:56:37,905 | INFO | wikipediaapi._http_client.base_http_client | Wikipedia: language=en, user_agent: multimodal-rag-project/1.0 (Wikipedia-API/0.14.1; https://github.com/martin-majlis/Wikipedia-API/), extract_format=1
2026-05-24 13:56:38,479 | INFO | main | Backend started successfully
2026-05-24 13:57:12,271 | INFO | main | Query received | query=tell me about birds
2026-05-24 13:57:12,272 | INFO | main | Intent detected | intent=text
2026-05-24 13:57:13,996 | INFO | main | Query embedding created
2026-05-24 13:57:14,141 | INFO | main | Vector search completed | count=10
2026-05-24 13:57:14,143 | INFO | main | BM25 search completed | count=5
2026-05-24 13:57:14,145 | INFO | main | Hybrid merge completed | count=14
2026-05-24 13:57:16,925 | INFO | main | Response sent | type=text
2026-05-24 13:58:22,681 | INFO | main | Query received | query=gave me image of dance
2026-05-24 13:58:22,681 | INFO | main | Intent detected | intent=image
2026-05-24 13:58:23,281 | INFO | main | Query embedding created
2026-05-24 13:58:23,288 | INFO | main | Vector search completed | count=10
2026-05-24 13:58:23,288 | INFO | main | BM25 search completed | count=5
2026-05-24 13:58:23,289 | INFO | main | Hybrid merge completed | count=13
2026-05-24 13:58:23,289 | INFO | main | Response sent | type=image
2026-05-24 13:59:03,099 | INFO | main | Query received | query=gave me video of dancing
2026-05-24 13:59:03,100 | INFO | main | Intent detected | intent=video
2026-05-24 13:59:03,754 | INFO | main | Query embedding created
2026-05-24 13:59:03,759 | INFO | main | Vector search completed | count=10
2026-05-24 13:59:03,760 | INFO | main | BM25 search completed | count=5
2026-05-24 13:59:03,760 | INFO | main | Hybrid merge completed | count=13
2026-05-24 13:59:03,760 | INFO | main | Cold start needed | top_score=0.18493682146072388
2026-05-24 13:59:03,761 | INFO | cold_start | Cold start triggered | query=gave me video of dancing
2026-05-24 13:59:03,761 | INFO | cold_start | Wikipedia search query normalized | original=gave me video of dancing | clean=of dancing
2026-05-24 13:59:05,150 | INFO | cold_start | Wikipedia best page selected | title=Dance
2026-05-24 13:59:05,151 | INFO | wikipediaapi._http_client.sync_http_client | Request URL: https://en.wikipedia.org/w/api.php?format=json&redirects=1&action=query&prop=info&titles=Dance&inprop=protection|talkid|watched|watchers|visitingwatchers|notificationtimestamp|subjectid|url|readable|preload|displaytitle|varianttitles
2026-05-24 13:59:05,962 | INFO | httpx | HTTP Request: GET https://en.wikipedia.org/w/api.php?format=json&redirects=1&action=query&prop=info&titles=Dance&inprop=protection%7Ctalkid%7Cwatched%7Cwatchers%7Cvisitingwatchers%7Cnotificationtimestamp%7Csubjectid%7Curl%7Creadable%7Cpreload%7Cdisplaytitle%7Cvarianttitles "HTTP/1.1 200 OK"
2026-05-24 13:59:05,964 | INFO | wikipediaapi._http_client.sync_http_client | Request URL: https://en.wikipedia.org/w/api.php?format=json&redirects=1&action=query&prop=extracts&titles=Dance&explaintext=1&exsectionformat=wiki
2026-05-24 13:59:06,784 | INFO | httpx | HTTP Request: GET https://en.wikipedia.org/w/api.php?format=json&redirects=1&action=query&prop=extracts&titles=Dance&explaintext=1&exsectionformat=wiki "HTTP/1.1 200 OK"
2026-05-24 13:59:08,251 | INFO | ingestion | Text ingestion completed | chunks=2
2026-05-24 13:59:30,173 | INFO | ingestion | Media embedding attempt | file=./data/media\5626b3c4b5014644aafae136972a5511.jpg | attempt=1
2026-05-24 14:01:03,020 | INFO | ingestion | Media description attempt | modality=image | file=./data/media\5626b3c4b5014644aafae136972a5511.jpg | attempt=1
2026-05-24 14:04:23,387 | INFO | ingestion | Media ingestion completed | modality=image | id=image_c5bb776ea7784a5cba89426350be4dfb
2026-05-24 14:04:30,428 | INFO | ingestion | Media embedding attempt | file=./data/media\e77e10aa987c4efd80a77138a76f001b.jpg | attempt=1
2026-05-24 14:04:46,159 | INFO | ingestion | Media description attempt | modality=image | file=./data/media\e77e10aa987c4efd80a77138a76f001b.jpg | attempt=1
2026-05-24 14:07:06,174 | INFO | ingestion | Media ingestion completed | modality=image | id=image_7259ea69d88a43d5858f57efc4362092
2026-05-24 14:07:07,140 | WARNING | cold_start | video ingestion failed | url=https://upload.wikimedia.org/wikipedia/commons/c/c4/Buffalo_Dance_%281894%29.webm | error=429 Client Error: Too Many Requests (015d12c) for url: https://upload.wikimedia.org/wikipedia/commons/c/c4/Buffalo_Dance_%281894%29.webm
2026-05-24 14:07:07,152 | INFO | cold_start | Cold start ingestion completed | page=Dance | text_items=2 | images=2 | audios=0 | videos=1 | total_new=4
2026-05-24 14:07:07,187 | INFO | main | Vector search rerun completed | count=10
2026-05-24 14:07:07,195 | INFO | main | BM25 search rerun completed | count=4
2026-05-24 14:07:07,198 | INFO | main | Hybrid merge rerun completed | count=12
2026-05-24 14:07:07,199 | INFO | main | Response sent | type=video
2026-05-24 14:11:09,007 | INFO | main | Query received | query=gave me dance video
2026-05-24 14:11:09,009 | INFO | main | Intent detected | intent=video
2026-05-24 14:11:29,731 | INFO | main | Query embedding created
2026-05-24 14:11:29,762 | INFO | main | Vector search completed | count=10
2026-05-24 14:11:29,763 | INFO | main | BM25 search completed | count=4
2026-05-24 14:11:29,763 | INFO | main | Hybrid merge completed | count=12
2026-05-24 14:11:29,763 | INFO | main | Cold start needed | top_score=0.11482840776443481
2026-05-24 14:11:29,763 | INFO | cold_start | Cold start triggered | query=gave me dance video
2026-05-24 14:11:29,765 | INFO | cold_start | Wikipedia search query normalized | original=gave me dance video | clean=dance
2026-05-24 14:11:31,141 | INFO | cold_start | Wikipedia best page selected | title=Dance
2026-05-24 14:11:31,162 | INFO | cold_start | Page already ingested, skipping duplicate cold start | page=Dance
2026-05-24 14:11:31,165 | INFO | main | Vector search rerun completed | count=10
2026-05-24 14:11:31,165 | INFO | main | BM25 search rerun completed | count=4
2026-05-24 14:11:31,166 | INFO | main | Hybrid merge rerun completed | count=12
2026-05-24 14:11:31,166 | INFO | main | Response sent | type=video
2026-05-24 14:12:33,691 | INFO | main | Query received | query=gave me dance video
2026-05-24 14:12:33,691 | INFO | main | Intent detected | intent=video
2026-05-24 14:12:34,238 | INFO | main | Query embedding created
2026-05-24 14:12:34,245 | INFO | main | Vector search completed | count=10
2026-05-24 14:12:34,246 | INFO | main | BM25 search completed | count=4
2026-05-24 14:12:34,247 | INFO | main | Hybrid merge completed | count=12
2026-05-24 14:12:34,247 | INFO | main | Cold start needed | top_score=0.11482840776443481
2026-05-24 14:12:34,247 | INFO | cold_start | Cold start triggered | query=gave me dance video
2026-05-24 14:12:34,248 | INFO | cold_start | Wikipedia search query normalized | original=gave me dance video | clean=dance
2026-05-24 14:12:35,232 | INFO | cold_start | Wikipedia best page selected | title=Dance
2026-05-24 14:12:35,233 | INFO | cold_start | Page already ingested, skipping duplicate cold start | page=Dance
2026-05-24 14:12:35,236 | INFO | main | Vector search rerun completed | count=10
2026-05-24 14:12:35,236 | INFO | main | BM25 search rerun completed | count=4
2026-05-24 14:12:35,236 | INFO | main | Hybrid merge rerun completed | count=12
2026-05-24 14:12:35,237 | INFO | main | Response sent | type=video
2026-05-24 14:13:49,161 | INFO | main | Query received | query=gave me birds images
2026-05-24 14:13:49,161 | INFO | main | Intent detected | intent=image
2026-05-24 14:13:49,705 | INFO | main | Query embedding created
2026-05-24 14:13:49,715 | INFO | main | Vector search completed | count=10
2026-05-24 14:13:49,716 | INFO | main | BM25 search completed | count=4
2026-05-24 14:13:49,716 | INFO | main | Hybrid merge completed | count=14
2026-05-24 14:13:49,717 | INFO | main | Cold start needed | top_score=0.13868170976638794
2026-05-24 14:13:49,717 | INFO | cold_start | Cold start triggered | query=gave me birds images
2026-05-24 14:13:49,717 | INFO | cold_start | Wikipedia search query normalized | original=gave me birds images | clean=birds
2026-05-24 14:13:50,818 | INFO | cold_start | Wikipedia best page selected | title=Bird
2026-05-24 14:13:50,825 | INFO | wikipediaapi._http_client.sync_http_client | Request URL: https://en.wikipedia.org/w/api.php?format=json&redirects=1&action=query&prop=info&titles=Bird&inprop=protection|talkid|watched|watchers|visitingwatchers|notificationtimestamp|subjectid|url|readable|preload|displaytitle|varianttitles
2026-05-24 14:13:51,529 | INFO | httpx | HTTP Request: GET https://en.wikipedia.org/w/api.php?format=json&redirects=1&action=query&prop=info&titles=Bird&inprop=protection%7Ctalkid%7Cwatched%7Cwatchers%7Cvisitingwatchers%7Cnotificationtimestamp%7Csubjectid%7Curl%7Creadable%7Cpreload%7Cdisplaytitle%7Cvarianttitles "HTTP/1.1 429 Too Many Requests"
2026-05-24 14:14:01,349 | INFO | httpx | HTTP Request: GET https://en.wikipedia.org/w/api.php?format=json&redirects=1&action=query&prop=info&titles=Bird&inprop=protection%7Ctalkid%7Cwatched%7Cwatchers%7Cvisitingwatchers%7Cnotificationtimestamp%7Csubjectid%7Curl%7Creadable%7Cpreload%7Cdisplaytitle%7Cvarianttitles "HTTP/1.1 200 OK"
2026-05-24 14:14:01,360 | INFO | wikipediaapi._http_client.sync_http_client | Request URL: https://en.wikipedia.org/w/api.php?format=json&redirects=1&action=query&prop=extracts&titles=Bird&explaintext=1&exsectionformat=wiki
2026-05-24 14:14:02,167 | INFO | httpx | HTTP Request: GET https://en.wikipedia.org/w/api.php?format=json&redirects=1&action=query&prop=extracts&titles=Bird&explaintext=1&exsectionformat=wiki "HTTP/1.1 200 OK"
2026-05-24 14:14:02,866 | INFO | ingestion | Text ingestion completed | chunks=1
2026-05-24 14:14:08,258 | INFO | ingestion | Media embedding attempt | file=./data/media\493190b6be3a4c6c919cad5335bef67a.jpg | attempt=1
2026-05-24 14:14:37,910 | WARNING | ingestion | Media embedding failed | file=./data/media\493190b6be3a4c6c919cad5335bef67a.jpg | attempt=1 | error=503 IOCP/Socket: Connection timed out (A connection attempt failed because the connected party did not properly respond after a period of time, or established connection failed because connected host has failed to respond.
 -- 10060)
2026-05-24 14:14:40,914 | INFO | ingestion | Media embedding attempt | file=./data/media\493190b6be3a4c6c919cad5335bef67a.jpg | attempt=2
2026-05-24 14:14:58,313 | INFO | ingestion | Media description attempt | modality=image | file=./data/media\493190b6be3a4c6c919cad5335bef67a.jpg | attempt=1
2026-05-24 14:17:23,318 | INFO | ingestion | Media ingestion completed | modality=image | id=image_55d077817b5e40aeb5a2706bb778bc90
2026-05-24 14:17:27,674 | INFO | ingestion | Media embedding attempt | file=./data/media\2bb8dbd5787d4f6a88488028e304d6f2.jpg | attempt=1
2026-05-24 14:17:58,525 | INFO | ingestion | Media description attempt | modality=image | file=./data/media\2bb8dbd5787d4f6a88488028e304d6f2.jpg | attempt=1
2026-05-24 14:20:31,015 | INFO | ingestion | Media ingestion completed | modality=image | id=image_a5cce64d6b514fc7851e900c69ee10ef
2026-05-24 14:20:31,018 | INFO | cold_start | Cold start ingestion completed | page=Bird | text_items=1 | images=2 | audios=0 | videos=0 | total_new=3
2026-05-24 14:20:31,024 | INFO | main | Vector search rerun completed | count=10
2026-05-24 14:20:31,025 | INFO | main | BM25 search rerun completed | count=3
2026-05-24 14:20:31,025 | INFO | main | Hybrid merge rerun completed | count=12
2026-05-24 14:20:31,025 | INFO | main | Response sent | type=image
2026-05-24 14:23:17,653 | INFO | main | Query received | query=gave me birds video
2026-05-24 14:23:17,653 | INFO | main | Intent detected | intent=video
2026-05-24 14:23:18,443 | INFO | main | Query embedding created
2026-05-24 14:23:18,447 | INFO | main | Vector search completed | count=10
2026-05-24 14:23:18,448 | INFO | main | BM25 search completed | count=3
2026-05-24 14:23:18,448 | INFO | main | Hybrid merge completed | count=12
2026-05-24 14:23:18,449 | INFO | main | Cold start needed | top_score=0.12943369150161743
2026-05-24 14:23:18,449 | INFO | cold_start | Cold start triggered | query=gave me birds video
2026-05-24 14:23:18,450 | INFO | cold_start | Wikipedia search query normalized | original=gave me birds video | clean=birds
2026-05-24 14:23:19,650 | INFO | cold_start | Wikipedia best page selected | title=Bird
2026-05-24 14:23:19,662 | INFO | cold_start | Page already ingested, skipping duplicate cold start | page=Bird
2026-05-24 14:23:19,664 | INFO | main | Vector search rerun completed | count=10
2026-05-24 14:23:19,665 | INFO | main | BM25 search rerun completed | count=3
2026-05-24 14:23:19,665 | INFO | main | Hybrid merge rerun completed | count=12
2026-05-24 14:23:19,665 | INFO | main | Response sent | type=video
2026-05-24 14:26:20,890 | INFO | wikipediaapi._http_client.base_http_client | Wikipedia: language=en, user_agent: multimodal-rag-project/1.0 (Wikipedia-API/0.14.1; https://github.com/martin-majlis/Wikipedia-API/), extract_format=1
2026-05-24 14:26:21,535 | INFO | main | Backend started successfully
2026-05-24 14:26:25,545 | INFO | wikipediaapi._http_client.base_http_client | Wikipedia: language=en, user_agent: multimodal-rag-project/1.0 (Wikipedia-API/0.14.1; https://github.com/martin-majlis/Wikipedia-API/), extract_format=1
2026-05-24 14:26:26,004 | INFO | main | Backend started successfully
2026-05-24 14:26:48,735 | INFO | main | Query received | query=gave me birds video
2026-05-24 14:26:48,735 | INFO | main | Intent detected | intent=video
2026-05-24 14:26:49,891 | INFO | main | Query embedding created
2026-05-24 14:26:49,992 | INFO | main | Vector search completed | count=10
2026-05-24 14:26:49,993 | INFO | main | BM25 search completed | count=3
2026-05-24 14:26:49,993 | INFO | main | Hybrid merge completed | count=12
2026-05-24 14:26:49,993 | INFO | main | Cold start needed | top_score=0.12943369150161743
2026-05-24 14:26:49,993 | INFO | cold_start | Cold start triggered | query=gave me birds video
2026-05-24 14:26:49,993 | INFO | cold_start | Wikipedia search query normalized | original=gave me birds video | clean=birds
2026-05-24 14:26:51,315 | INFO | cold_start | Wikipedia best page selected | title=Bird
2026-05-24 14:26:51,315 | INFO | wikipediaapi._http_client.sync_http_client | Request URL: https://en.wikipedia.org/w/api.php?format=json&redirects=1&action=query&prop=info&titles=Bird&inprop=protection|talkid|watched|watchers|visitingwatchers|notificationtimestamp|subjectid|url|readable|preload|displaytitle|varianttitles
2026-05-24 14:26:52,848 | INFO | httpx | HTTP Request: GET https://en.wikipedia.org/w/api.php?format=json&redirects=1&action=query&prop=info&titles=Bird&inprop=protection%7Ctalkid%7Cwatched%7Cwatchers%7Cvisitingwatchers%7Cnotificationtimestamp%7Csubjectid%7Curl%7Creadable%7Cpreload%7Cdisplaytitle%7Cvarianttitles "HTTP/1.1 429 Too Many Requests"
2026-05-24 14:27:01,757 | INFO | httpx | HTTP Request: GET https://en.wikipedia.org/w/api.php?format=json&redirects=1&action=query&prop=info&titles=Bird&inprop=protection%7Ctalkid%7Cwatched%7Cwatchers%7Cvisitingwatchers%7Cnotificationtimestamp%7Csubjectid%7Curl%7Creadable%7Cpreload%7Cdisplaytitle%7Cvarianttitles "HTTP/1.1 200 OK"
2026-05-24 14:27:01,758 | INFO | wikipediaapi._http_client.sync_http_client | Request URL: https://en.wikipedia.org/w/api.php?format=json&redirects=1&action=query&prop=extracts&titles=Bird&explaintext=1&exsectionformat=wiki
2026-05-24 14:27:02,668 | INFO | httpx | HTTP Request: GET https://en.wikipedia.org/w/api.php?format=json&redirects=1&action=query&prop=extracts&titles=Bird&explaintext=1&exsectionformat=wiki "HTTP/1.1 200 OK"
2026-05-24 14:27:03,849 | INFO | ingestion | Text ingestion completed | chunks=1
2026-05-24 14:27:09,754 | INFO | ingestion | Media embedding attempt | file=./data/media\dcebf3d8702e4cab9b9342fdea78c475.jpg | attempt=1
2026-05-24 14:27:25,216 | INFO | ingestion | Media description attempt | modality=image | file=./data/media\dcebf3d8702e4cab9b9342fdea78c475.jpg | attempt=1
2026-05-24 14:29:44,388 | INFO | ingestion | Media ingestion completed | modality=image | id=image_f58f21a031364f48823e8ee0158ae90d
2026-05-24 14:29:48,643 | INFO | ingestion | Media embedding attempt | file=./data/media\5608119a0b36423d8929777afcefccc1.jpg | attempt=1
2026-05-24 14:30:19,499 | INFO | ingestion | Media description attempt | modality=image | file=./data/media\5608119a0b36423d8929777afcefccc1.jpg | attempt=1
2026-05-24 14:32:58,244 | INFO | ingestion | Media ingestion completed | modality=image | id=image_b5475579dafc4aefabb89cf892967ece
2026-05-24 14:32:58,246 | INFO | cold_start | Cold start ingestion completed | page=Bird | text_items=1 | images=2 | audios=0 | videos=0 | total_new=3
2026-05-24 14:32:58,249 | INFO | main | Vector search rerun completed | count=10
2026-05-24 14:32:58,249 | INFO | main | BM25 search rerun completed | count=3
2026-05-24 14:32:58,249 | INFO | main | Hybrid merge rerun completed | count=12
2026-05-24 14:32:58,250 | INFO | main | Response sent | type=video
2026-05-24 14:34:48,359 | INFO | main | Query received | query=gave me bird video
2026-05-24 14:34:48,360 | INFO | main | Intent detected | intent=video
2026-05-24 14:34:49,124 | INFO | main | Query embedding created
2026-05-24 14:34:49,127 | INFO | main | Vector search completed | count=10
2026-05-24 14:34:49,127 | INFO | main | BM25 search completed | count=3
2026-05-24 14:34:49,128 | INFO | main | Hybrid merge completed | count=12
2026-05-24 14:34:49,128 | INFO | main | Cold start needed | top_score=0.026889324188232422
2026-05-24 14:34:49,128 | INFO | cold_start | Cold start triggered | query=gave me bird video
2026-05-24 14:34:49,128 | INFO | cold_start | Wikipedia search query normalized | original=gave me bird video | clean=bird
2026-05-24 14:34:50,329 | INFO | cold_start | Wikipedia best page selected | title=Bird
2026-05-24 14:34:50,330 | INFO | wikipediaapi._http_client.sync_http_client | Request URL: https://en.wikipedia.org/w/api.php?format=json&redirects=1&action=query&prop=info&titles=Bird&inprop=protection|talkid|watched|watchers|visitingwatchers|notificationtimestamp|subjectid|url|readable|preload|displaytitle|varianttitles
2026-05-24 14:34:50,845 | INFO | httpx | HTTP Request: GET https://en.wikipedia.org/w/api.php?format=json&redirects=1&action=query&prop=info&titles=Bird&inprop=protection%7Ctalkid%7Cwatched%7Cwatchers%7Cvisitingwatchers%7Cnotificationtimestamp%7Csubjectid%7Curl%7Creadable%7Cpreload%7Cdisplaytitle%7Cvarianttitles "HTTP/1.1 429 Too Many Requests"
2026-05-24 14:35:01,700 | INFO | httpx | HTTP Request: GET https://en.wikipedia.org/w/api.php?format=json&redirects=1&action=query&prop=info&titles=Bird&inprop=protection%7Ctalkid%7Cwatched%7Cwatchers%7Cvisitingwatchers%7Cnotificationtimestamp%7Csubjectid%7Curl%7Creadable%7Cpreload%7Cdisplaytitle%7Cvarianttitles "HTTP/1.1 200 OK"
2026-05-24 14:35:01,702 | INFO | wikipediaapi._http_client.sync_http_client | Request URL: https://en.wikipedia.org/w/api.php?format=json&redirects=1&action=query&prop=extracts&titles=Bird&explaintext=1&exsectionformat=wiki
2026-05-24 14:35:02,415 | INFO | httpx | HTTP Request: GET https://en.wikipedia.org/w/api.php?format=json&redirects=1&action=query&prop=extracts&titles=Bird&explaintext=1&exsectionformat=wiki "HTTP/1.1 200 OK"
2026-05-24 14:35:03,194 | INFO | ingestion | Text ingestion completed | chunks=1
2026-05-24 14:35:08,984 | INFO | ingestion | Media embedding attempt | file=./data/media\3369ce7e48474284b2cc4b9dac43932e.jpg | attempt=1
2026-05-24 14:35:24,664 | INFO | ingestion | Media description attempt | modality=image | file=./data/media\3369ce7e48474284b2cc4b9dac43932e.jpg | attempt=1
2026-05-24 14:37:46,199 | INFO | ingestion | Media ingestion completed | modality=image | id=image_a77c4b3e3bb2458f9f80b00abbc28941
2026-05-24 14:37:50,600 | INFO | ingestion | Media embedding attempt | file=./data/media\0f187975d64f45eba7b5c4cf28ec6e60.jpg | attempt=1
2026-05-24 14:38:32,662 | INFO | ingestion | Media description attempt | modality=image | file=./data/media\0f187975d64f45eba7b5c4cf28ec6e60.jpg | attempt=1
2026-05-24 14:41:13,956 | INFO | ingestion | Media ingestion completed | modality=image | id=image_b6b436faa7ea49b283d73bf2b72c83bc
2026-05-24 14:41:13,957 | INFO | cold_start | Cold start ingestion completed | page=Bird | text_items=1 | images=2 | audios=0 | videos=0 | total_new=3
2026-05-24 14:41:13,961 | INFO | main | Vector search rerun completed | count=10
2026-05-24 14:41:13,961 | INFO | main | BM25 search rerun completed | count=3
2026-05-24 14:41:13,962 | INFO | main | Hybrid merge rerun completed | count=12
2026-05-24 14:41:13,962 | INFO | main | Response sent | type=video
2026-05-24 14:42:44,456 | INFO | main | Query received | query=gave me bird image
2026-05-24 14:42:44,457 | INFO | main | Intent detected | intent=image
2026-05-24 14:42:45,083 | INFO | main | Query embedding created
2026-05-24 14:42:45,087 | INFO | main | Vector search completed | count=10
2026-05-24 14:42:45,088 | INFO | main | BM25 search completed | count=3
2026-05-24 14:42:45,088 | INFO | main | Hybrid merge completed | count=12
2026-05-24 14:42:45,088 | INFO | main | Cold start needed | top_score=0.05052840709686279
2026-05-24 14:42:45,089 | INFO | cold_start | Cold start triggered | query=gave me bird image
2026-05-24 14:42:45,089 | INFO | cold_start | Wikipedia search query normalized | original=gave me bird image | clean=bird
2026-05-24 14:42:46,297 | INFO | cold_start | Wikipedia best page selected | title=Bird
2026-05-24 14:42:46,298 | INFO | wikipediaapi._http_client.sync_http_client | Request URL: https://en.wikipedia.org/w/api.php?format=json&redirects=1&action=query&prop=info&titles=Bird&inprop=protection|talkid|watched|watchers|visitingwatchers|notificationtimestamp|subjectid|url|readable|preload|displaytitle|varianttitles
2026-05-24 14:42:46,804 | INFO | httpx | HTTP Request: GET https://en.wikipedia.org/w/api.php?format=json&redirects=1&action=query&prop=info&titles=Bird&inprop=protection%7Ctalkid%7Cwatched%7Cwatchers%7Cvisitingwatchers%7Cnotificationtimestamp%7Csubjectid%7Curl%7Creadable%7Cpreload%7Cdisplaytitle%7Cvarianttitles "HTTP/1.1 429 Too Many Requests"
2026-05-24 14:43:01,551 | INFO | httpx | HTTP Request: GET https://en.wikipedia.org/w/api.php?format=json&redirects=1&action=query&prop=info&titles=Bird&inprop=protection%7Ctalkid%7Cwatched%7Cwatchers%7Cvisitingwatchers%7Cnotificationtimestamp%7Csubjectid%7Curl%7Creadable%7Cpreload%7Cdisplaytitle%7Cvarianttitles "HTTP/1.1 200 OK"
2026-05-24 14:43:01,552 | INFO | wikipediaapi._http_client.sync_http_client | Request URL: https://en.wikipedia.org/w/api.php?format=json&redirects=1&action=query&prop=extracts&titles=Bird&explaintext=1&exsectionformat=wiki
2026-05-24 14:43:02,287 | INFO | httpx | HTTP Request: GET https://en.wikipedia.org/w/api.php?format=json&redirects=1&action=query&prop=extracts&titles=Bird&explaintext=1&exsectionformat=wiki "HTTP/1.1 200 OK"
2026-05-24 14:43:03,031 | INFO | ingestion | Text ingestion completed | chunks=1
2026-05-24 14:43:08,666 | INFO | ingestion | Media embedding attempt | file=./data/media\45890ebfa0534a7e88dedee1842ce657.jpg | attempt=1
2026-05-24 14:43:23,685 | INFO | ingestion | Media description attempt | modality=image | file=./data/media\45890ebfa0534a7e88dedee1842ce657.jpg | attempt=1
2026-05-24 14:45:47,828 | INFO | ingestion | Media ingestion completed | modality=image | id=image_feb7768957d749c8a58d3b9c6d3abd66
2026-05-24 14:45:54,053 | INFO | ingestion | Media embedding attempt | file=./data/media\2ba8fd87bf5e43bab1a0cbff36d8ec1f.jpg | attempt=1
2026-05-24 14:46:44,690 | INFO | ingestion | Media description attempt | modality=image | file=./data/media\2ba8fd87bf5e43bab1a0cbff36d8ec1f.jpg | attempt=1
2026-05-24 14:49:18,735 | INFO | ingestion | Media ingestion completed | modality=image | id=image_3a48f60fbcc34630899c6724c82441e0
2026-05-24 14:49:18,737 | INFO | cold_start | Cold start ingestion completed | page=Bird | text_items=1 | images=2 | audios=0 | videos=0 | total_new=3
2026-05-24 14:49:18,741 | INFO | main | Vector search rerun completed | count=10
2026-05-24 14:49:18,742 | INFO | main | BM25 search rerun completed | count=3
2026-05-24 14:49:18,742 | INFO | main | Hybrid merge rerun completed | count=12
2026-05-24 14:49:18,742 | INFO | main | Response sent | type=image
2026-05-24 14:50:53,296 | INFO | wikipediaapi._http_client.base_http_client | Wikipedia: language=en, user_agent: multimodal-rag-project/1.0 (Wikipedia-API/0.14.1; https://github.com/martin-majlis/Wikipedia-API/), extract_format=1
2026-05-24 14:50:53,637 | INFO | main | Backend started successfully
2026-05-24 14:51:09,780 | INFO | main | Query received | query=gave me bird image
2026-05-24 14:51:09,780 | INFO | main | Intent detected | intent=image
2026-05-24 14:51:11,006 | INFO | main | Query embedding created
2026-05-24 14:51:11,056 | INFO | main | Vector search completed | count=10
2026-05-24 14:51:11,056 | INFO | main | BM25 search completed | count=3
2026-05-24 14:51:11,057 | INFO | main | Hybrid merge completed | count=12
2026-05-24 14:51:11,057 | INFO | main | Cold start needed | top_score=0.05052840709686279
2026-05-24 14:51:11,057 | INFO | cold_start | Cold start triggered | query=gave me bird image
2026-05-24 14:51:11,057 | INFO | cold_start | Wikipedia search query normalized | original=gave me bird image | clean=bird
2026-05-24 14:51:12,130 | INFO | cold_start | Wikipedia best page selected | title=Bird
2026-05-24 14:51:12,131 | INFO | wikipediaapi._http_client.sync_http_client | Request URL: https://en.wikipedia.org/w/api.php?format=json&redirects=1&action=query&prop=info&titles=Bird&inprop=protection|talkid|watched|watchers|visitingwatchers|notificationtimestamp|subjectid|url|readable|preload|displaytitle|varianttitles
2026-05-24 14:51:12,737 | INFO | httpx | HTTP Request: GET https://en.wikipedia.org/w/api.php?format=json&redirects=1&action=query&prop=info&titles=Bird&inprop=protection%7Ctalkid%7Cwatched%7Cwatchers%7Cvisitingwatchers%7Cnotificationtimestamp%7Csubjectid%7Curl%7Creadable%7Cpreload%7Cdisplaytitle%7Cvarianttitles "HTTP/1.1 200 OK"
2026-05-24 14:51:12,739 | INFO | wikipediaapi._http_client.sync_http_client | Request URL: https://en.wikipedia.org/w/api.php?format=json&redirects=1&action=query&prop=extracts&titles=Bird&explaintext=1&exsectionformat=wiki
2026-05-24 14:51:13,398 | INFO | httpx | HTTP Request: GET https://en.wikipedia.org/w/api.php?format=json&redirects=1&action=query&prop=extracts&titles=Bird&explaintext=1&exsectionformat=wiki "HTTP/1.1 200 OK"
2026-05-24 14:51:14,151 | INFO | ingestion | Text ingestion completed | chunks=1
2026-05-24 14:51:18,297 | WARNING | cold_start | image ingestion failed | url=https://upload.wikimedia.org/wikipedia/commons/0/0f/17.6-24-1974-Cuerda-seca-flisepanel.jpg | error=429 Client Error: Too Many Requests (015d12c) for url: https://upload.wikimedia.org/wikipedia/commons/0/0f/17.6-24-1974-Cuerda-seca-flisepanel.jpg
2026-05-24 14:51:19,019 | WARNING | cold_start | image ingestion failed | url=https://upload.wikimedia.org/wikipedia/commons/f/fe/20240604_eastern_phoebe_and_fledglings_south_meadows_PD209113.jpg | error=429 Client Error: Too Many Requests (015d12c) for url: https://upload.wikimedia.org/wikipedia/commons/f/fe/20240604_eastern_phoebe_and_fledglings_south_meadows_PD209113.jpg
2026-05-24 14:51:19,026 | INFO | cold_start | Cold start ingestion completed | page=Bird | text_items=1 | images=2 | audios=0 | videos=0 | total_new=1
2026-05-24 14:51:19,032 | INFO | main | Vector search rerun completed | count=10
2026-05-24 14:51:19,042 | INFO | main | BM25 search rerun completed | count=1
2026-05-24 14:51:19,042 | INFO | main | Hybrid merge rerun completed | count=10
2026-05-24 14:51:19,043 | INFO | main | Response sent | type=image
2026-05-24 14:52:19,733 | INFO | main | Query received | query=gave me bird image
2026-05-24 14:52:19,733 | INFO | main | Intent detected | intent=image
2026-05-24 14:52:20,366 | INFO | main | Query embedding created
2026-05-24 14:52:20,371 | INFO | main | Vector search completed | count=10
2026-05-24 14:52:20,372 | INFO | main | BM25 search completed | count=1
2026-05-24 14:52:20,372 | INFO | main | Hybrid merge completed | count=10
2026-05-24 14:52:20,372 | INFO | main | Cold start needed | top_score=0.05052840709686279
2026-05-24 14:52:20,374 | INFO | cold_start | Cold start triggered | query=gave me bird image
2026-05-24 14:52:20,375 | INFO | cold_start | Wikipedia search query normalized | original=gave me bird image | clean=bird
2026-05-24 14:52:22,507 | INFO | cold_start | Wikipedia best page selected | title=Bird
2026-05-24 14:52:22,508 | INFO | wikipediaapi._http_client.sync_http_client | Request URL: https://en.wikipedia.org/w/api.php?format=json&redirects=1&action=query&prop=info&titles=Bird&inprop=protection|talkid|watched|watchers|visitingwatchers|notificationtimestamp|subjectid|url|readable|preload|displaytitle|varianttitles
2026-05-24 14:52:23,101 | INFO | httpx | HTTP Request: GET https://en.wikipedia.org/w/api.php?format=json&redirects=1&action=query&prop=info&titles=Bird&inprop=protection%7Ctalkid%7Cwatched%7Cwatchers%7Cvisitingwatchers%7Cnotificationtimestamp%7Csubjectid%7Curl%7Creadable%7Cpreload%7Cdisplaytitle%7Cvarianttitles "HTTP/1.1 429 Too Many Requests"
2026-05-24 14:53:02,131 | INFO | httpx | HTTP Request: GET https://en.wikipedia.org/w/api.php?format=json&redirects=1&action=query&prop=info&titles=Bird&inprop=protection%7Ctalkid%7Cwatched%7Cwatchers%7Cvisitingwatchers%7Cnotificationtimestamp%7Csubjectid%7Curl%7Creadable%7Cpreload%7Cdisplaytitle%7Cvarianttitles "HTTP/1.1 200 OK"
2026-05-24 14:53:02,133 | INFO | wikipediaapi._http_client.sync_http_client | Request URL: https://en.wikipedia.org/w/api.php?format=json&redirects=1&action=query&prop=extracts&titles=Bird&explaintext=1&exsectionformat=wiki
2026-05-24 14:53:02,950 | INFO | httpx | HTTP Request: GET https://en.wikipedia.org/w/api.php?format=json&redirects=1&action=query&prop=extracts&titles=Bird&explaintext=1&exsectionformat=wiki "HTTP/1.1 200 OK"
2026-05-24 14:53:03,710 | INFO | ingestion | Text ingestion completed | chunks=1
2026-05-24 14:53:08,917 | INFO | ingestion | Media embedding attempt | file=./data/media\71b5eb12f9ca42538613c3d56ce4ec0f.jpg | attempt=1
2026-05-24 14:53:24,064 | INFO | ingestion | Media description attempt | modality=image | file=./data/media\71b5eb12f9ca42538613c3d56ce4ec0f.jpg | attempt=1
2026-05-24 14:55:44,783 | INFO | ingestion | Media ingestion completed | modality=image | id=image_5d11500e1342496f97246646cde81ae4
2026-05-24 14:55:48,934 | INFO | ingestion | Media embedding attempt | file=./data/media\33a8f7960cb54618b7336adb205aafb2.jpg | attempt=1
2026-05-24 14:56:18,862 | INFO | ingestion | Media description attempt | modality=image | file=./data/media\33a8f7960cb54618b7336adb205aafb2.jpg | attempt=1
2026-05-24 14:58:47,962 | INFO | ingestion | Media ingestion completed | modality=image | id=image_347f914a3dc24308a7190f3fab071502
2026-05-24 14:58:47,965 | INFO | cold_start | Cold start ingestion completed | page=Bird | text_items=1 | images=2 | audios=0 | videos=0 | total_new=3
2026-05-24 14:58:47,967 | INFO | main | Vector search rerun completed | count=10
2026-05-24 14:58:47,968 | INFO | main | BM25 search rerun completed | count=3
2026-05-24 14:58:47,968 | INFO | main | Hybrid merge rerun completed | count=12
2026-05-24 14:58:47,968 | INFO | main | Response sent | type=image
2026-05-24 15:00:00,188 | INFO | main | Query received | query=gave me tiger audio
2026-05-24 15:00:00,188 | INFO | main | Intent detected | intent=audio
2026-05-24 15:00:00,776 | INFO | main | Query embedding created
2026-05-24 15:00:00,782 | INFO | main | Vector search completed | count=10
2026-05-24 15:00:00,782 | INFO | main | BM25 search completed | count=3
2026-05-24 15:00:00,783 | INFO | main | Hybrid merge completed | count=13
2026-05-24 15:00:00,783 | INFO | main | Cold start needed | top_score=0.13772928714752197
2026-05-24 15:00:00,784 | INFO | cold_start | Cold start triggered | query=gave me tiger audio
2026-05-24 15:00:00,784 | INFO | cold_start | Wikipedia search query normalized | original=gave me tiger audio | clean=tiger
2026-05-24 15:00:02,086 | INFO | cold_start | Wikipedia best page selected | title=Tiger
2026-05-24 15:00:02,087 | INFO | wikipediaapi._http_client.sync_http_client | Request URL: https://en.wikipedia.org/w/api.php?format=json&redirects=1&action=query&prop=info&titles=Tiger&inprop=protection|talkid|watched|watchers|visitingwatchers|notificationtimestamp|subjectid|url|readable|preload|displaytitle|varianttitles
2026-05-24 15:00:02,999 | INFO | httpx | HTTP Request: GET https://en.wikipedia.org/w/api.php?format=json&redirects=1&action=query&prop=info&titles=Tiger&inprop=protection%7Ctalkid%7Cwatched%7Cwatchers%7Cvisitingwatchers%7Cnotificationtimestamp%7Csubjectid%7Curl%7Creadable%7Cpreload%7Cdisplaytitle%7Cvarianttitles "HTTP/1.1 200 OK"
2026-05-24 15:00:03,000 | INFO | wikipediaapi._http_client.sync_http_client | Request URL: https://en.wikipedia.org/w/api.php?format=json&redirects=1&action=query&prop=extracts&titles=Tiger&explaintext=1&exsectionformat=wiki
2026-05-24 15:00:03,830 | INFO | httpx | HTTP Request: GET https://en.wikipedia.org/w/api.php?format=json&redirects=1&action=query&prop=extracts&titles=Tiger&explaintext=1&exsectionformat=wiki "HTTP/1.1 200 OK"
2026-05-24 15:00:05,489 | INFO | ingestion | Text ingestion completed | chunks=2
2026-05-24 15:00:15,852 | INFO | ingestion | Media embedding attempt | file=./data/media\043c83f0b68a4c97819e9a4568919e2a.jpg | attempt=1
2026-05-24 15:00:28,616 | INFO | ingestion | Media description attempt | modality=image | file=./data/media\043c83f0b68a4c97819e9a4568919e2a.jpg | attempt=1
2026-05-24 15:02:45,435 | INFO | ingestion | Media ingestion completed | modality=image | id=image_a096c8490750474f81654f54cc35088c
2026-05-24 15:02:47,784 | INFO | ingestion | Media embedding attempt | file=./data/media\d513489056af43479c335807eeeebafe.jpg | attempt=1
2026-05-24 15:03:01,909 | INFO | ingestion | Media description attempt | modality=image | file=./data/media\d513489056af43479c335807eeeebafe.jpg | attempt=1
2026-05-24 15:05:18,227 | INFO | ingestion | Media ingestion completed | modality=image | id=image_a2c3062d65f244c89021b3d7134ef9c3
2026-05-24 15:05:23,188 | INFO | ingestion | Media embedding attempt | file=./data/media\7c7095d291794748b5b8c3bdefdd8ff1.wav | attempt=1
2026-05-24 15:05:35,521 | INFO | ingestion | Media description attempt | modality=audio | file=./data/media\7c7095d291794748b5b8c3bdefdd8ff1.wav | attempt=1
2026-05-24 15:08:01,753 | INFO | ingestion | Media ingestion completed | modality=audio | id=audio_7071ed7480674fefa2867195833e3173
2026-05-24 15:08:01,756 | INFO | cold_start | Cold start ingestion completed | page=Tiger | text_items=2 | images=2 | audios=1 | videos=0 | total_new=5
2026-05-24 15:08:01,761 | INFO | main | Vector search rerun completed | count=10
2026-05-24 15:08:01,761 | INFO | main | BM25 search rerun completed | count=5
2026-05-24 15:08:01,762 | INFO | main | Hybrid merge rerun completed | count=13
2026-05-24 15:08:01,762 | INFO | main | Response sent | type=audio
2026-05-24 15:15:59,640 | INFO | wikipediaapi._http_client.base_http_client | Wikipedia: language=en, user_agent: multimodal-rag-project/1.0 (Wikipedia-API/0.14.1; https://github.com/martin-majlis/Wikipedia-API/), extract_format=1
2026-05-24 15:16:00,131 | INFO | main | Backend started successfully
2026-05-24 15:16:35,020 | INFO | main | Query received | query=tell me about tiger
2026-05-24 15:16:35,021 | INFO | main | Intent detected | intent=text
2026-05-24 15:16:37,142 | INFO | main | Query embedding created
2026-05-24 15:16:37,272 | INFO | main | Vector search completed | count=10
2026-05-24 15:16:37,273 | INFO | main | BM25 search completed | count=5
2026-05-24 15:16:37,273 | INFO | main | Hybrid merge completed | count=13
2026-05-24 15:16:41,919 | INFO | main | Response sent | type=text
2026-05-24 15:17:04,808 | INFO | main | Query received | query=tell me about tiger
2026-05-24 15:17:04,809 | INFO | main | Intent detected | intent=text
2026-05-24 15:17:05,388 | INFO | main | Query embedding created
2026-05-24 15:17:05,394 | INFO | main | Vector search completed | count=10
2026-05-24 15:17:05,394 | INFO | main | BM25 search completed | count=5
2026-05-24 15:17:05,396 | INFO | main | Hybrid merge completed | count=13
2026-05-24 15:17:08,031 | INFO | main | Response sent | type=text
2026-05-24 15:17:24,081 | INFO | main | Query received | query=gave me tiger images
2026-05-24 15:17:24,081 | INFO | main | Intent detected | intent=image
2026-05-24 15:17:24,640 | INFO | main | Query embedding created
2026-05-24 15:17:24,643 | INFO | main | Vector search completed | count=10
2026-05-24 15:17:24,643 | INFO | main | BM25 search completed | count=5
2026-05-24 15:17:24,644 | INFO | main | Hybrid merge completed | count=13
2026-05-24 15:17:24,644 | INFO | main | Cold start needed | top_score=0.2000439167022705
2026-05-24 15:17:24,644 | INFO | cold_start | Cold start triggered | query=gave me tiger images
2026-05-24 15:17:24,645 | INFO | cold_start | Wikipedia search query normalized | original=gave me tiger images | clean=tiger
2026-05-24 15:17:25,848 | INFO | cold_start | Wikipedia best page selected | title=Tiger
2026-05-24 15:17:25,849 | INFO | wikipediaapi._http_client.sync_http_client | Request URL: https://en.wikipedia.org/w/api.php?format=json&redirects=1&action=query&prop=info&titles=Tiger&inprop=protection|talkid|watched|watchers|visitingwatchers|notificationtimestamp|subjectid|url|readable|preload|displaytitle|varianttitles
2026-05-24 15:17:26,691 | INFO | httpx | HTTP Request: GET https://en.wikipedia.org/w/api.php?format=json&redirects=1&action=query&prop=info&titles=Tiger&inprop=protection%7Ctalkid%7Cwatched%7Cwatchers%7Cvisitingwatchers%7Cnotificationtimestamp%7Csubjectid%7Curl%7Creadable%7Cpreload%7Cdisplaytitle%7Cvarianttitles "HTTP/1.1 429 Too Many Requests"
2026-05-24 15:18:01,592 | INFO | httpx | HTTP Request: GET https://en.wikipedia.org/w/api.php?format=json&redirects=1&action=query&prop=info&titles=Tiger&inprop=protection%7Ctalkid%7Cwatched%7Cwatchers%7Cvisitingwatchers%7Cnotificationtimestamp%7Csubjectid%7Curl%7Creadable%7Cpreload%7Cdisplaytitle%7Cvarianttitles "HTTP/1.1 200 OK"
2026-05-24 15:18:01,593 | INFO | wikipediaapi._http_client.sync_http_client | Request URL: https://en.wikipedia.org/w/api.php?format=json&redirects=1&action=query&prop=extracts&titles=Tiger&explaintext=1&exsectionformat=wiki
2026-05-24 15:18:03,327 | INFO | httpx | HTTP Request: GET https://en.wikipedia.org/w/api.php?format=json&redirects=1&action=query&prop=extracts&titles=Tiger&explaintext=1&exsectionformat=wiki "HTTP/1.1 200 OK"
2026-05-24 15:18:04,814 | INFO | ingestion | Text ingestion completed | chunks=2
2026-05-24 15:18:11,996 | INFO | ingestion | Media embedding attempt | file=./data/media\b46fa6bb46914bc0b8effc98803b9b15.jpg | attempt=1
2026-05-24 15:18:23,728 | INFO | ingestion | Media description attempt | modality=image | file=./data/media\b46fa6bb46914bc0b8effc98803b9b15.jpg | attempt=1
2026-05-24 15:20:39,007 | INFO | ingestion | Media ingestion completed | modality=image | id=image_4b78b8f7ae0e4eeeacc5bb5b83dfe1cf
2026-05-24 15:20:47,141 | INFO | ingestion | Media embedding attempt | file=./data/media\e51bd69959e245a583944715a435469f.jpg | attempt=1
2026-05-24 15:21:01,837 | INFO | ingestion | Media description attempt | modality=image | file=./data/media\e51bd69959e245a583944715a435469f.jpg | attempt=1
2026-05-24 15:23:19,980 | INFO | ingestion | Media ingestion completed | modality=image | id=image_a9740057c7d844088020352bed065587
2026-05-24 15:23:25,819 | INFO | ingestion | Media embedding attempt | file=./data/media\617af7783a9e40ee83dd7f4ec0117a65.wav | attempt=1
2026-05-24 15:23:37,379 | INFO | ingestion | Media description attempt | modality=audio | file=./data/media\617af7783a9e40ee83dd7f4ec0117a65.wav | attempt=1
2026-05-24 15:25:56,858 | INFO | ingestion | Media ingestion completed | modality=audio | id=audio_13fe00309ede44dba393d2099fcd62ae
2026-05-24 15:25:56,861 | INFO | cold_start | Cold start ingestion completed | page=Tiger | text_items=2 | images_found=2 | audios_found=1 | videos_found=0 | total_new_unique=5
2026-05-24 15:25:56,861 | INFO | main | New unique data ingested from cold start | count=5
2026-05-24 15:25:56,867 | INFO | main | Vector search rerun completed | count=10
2026-05-24 15:25:56,867 | INFO | main | BM25 search rerun completed | count=5
2026-05-24 15:25:56,868 | INFO | main | Hybrid merge rerun completed | count=14
2026-05-24 15:25:56,868 | INFO | main | Response sent | type=image
2026-05-24 15:28:11,344 | INFO | wikipediaapi._http_client.base_http_client | Wikipedia: language=en, user_agent: multimodal-rag-project/1.0 (Wikipedia-API/0.14.1; https://github.com/martin-majlis/Wikipedia-API/), extract_format=1
2026-05-24 15:28:11,716 | INFO | main | Backend started successfully
2026-05-24 15:28:23,914 | INFO | main | Query received | query=gave me tiger audio
2026-05-24 15:28:23,914 | INFO | main | Intent detected | intent=audio
2026-05-24 15:28:25,117 | INFO | main | Query embedding created
2026-05-24 15:28:25,181 | INFO | main | Vector search completed | count=10
2026-05-24 15:28:25,182 | INFO | main | BM25 search completed | count=5
2026-05-24 15:28:25,182 | INFO | main | Hybrid merge completed | count=14
2026-05-24 15:28:25,182 | INFO | main | Cold start needed | top_score=0.13772928714752197
2026-05-24 15:28:25,182 | INFO | cold_start | Cold start triggered | query=gave me tiger audio
2026-05-24 15:28:25,183 | INFO | cold_start | Wikipedia search query normalized | original=gave me tiger audio | clean=tiger
2026-05-24 15:28:26,541 | INFO | cold_start | Wikipedia best page selected | title=Tiger
2026-05-24 15:28:26,542 | INFO | wikipediaapi._http_client.sync_http_client | Request URL: https://en.wikipedia.org/w/api.php?format=json&redirects=1&action=query&prop=info&titles=Tiger&inprop=protection|talkid|watched|watchers|visitingwatchers|notificationtimestamp|subjectid|url|readable|preload|displaytitle|varianttitles
2026-05-24 15:28:27,140 | INFO | httpx | HTTP Request: GET https://en.wikipedia.org/w/api.php?format=json&redirects=1&action=query&prop=info&titles=Tiger&inprop=protection%7Ctalkid%7Cwatched%7Cwatchers%7Cvisitingwatchers%7Cnotificationtimestamp%7Csubjectid%7Curl%7Creadable%7Cpreload%7Cdisplaytitle%7Cvarianttitles "HTTP/1.1 429 Too Many Requests"
2026-05-24 15:29:01,869 | INFO | httpx | HTTP Request: GET https://en.wikipedia.org/w/api.php?format=json&redirects=1&action=query&prop=info&titles=Tiger&inprop=protection%7Ctalkid%7Cwatched%7Cwatchers%7Cvisitingwatchers%7Cnotificationtimestamp%7Csubjectid%7Curl%7Creadable%7Cpreload%7Cdisplaytitle%7Cvarianttitles "HTTP/1.1 200 OK"
2026-05-24 15:29:01,870 | INFO | wikipediaapi._http_client.sync_http_client | Request URL: https://en.wikipedia.org/w/api.php?format=json&redirects=1&action=query&prop=extracts&titles=Tiger&explaintext=1&exsectionformat=wiki
2026-05-24 15:29:02,644 | INFO | httpx | HTTP Request: GET https://en.wikipedia.org/w/api.php?format=json&redirects=1&action=query&prop=extracts&titles=Tiger&explaintext=1&exsectionformat=wiki "HTTP/1.1 200 OK"
2026-05-24 15:29:02,902 | INFO | cold_start | Skipping duplicate text content | page=Tiger
2026-05-24 15:29:06,784 | INFO | cold_start | Skipping duplicate media | modality=image | url=https://upload.wikimedia.org/wikipedia/commons/c/ce/2012-09-15_Tierpark_Berlin_26_%28cropped%29.jpg
2026-05-24 15:29:06,785 | INFO | cold_start | Skipping duplicate media | modality=image | url=https://upload.wikimedia.org/wikipedia/commons/8/81/2012_Suedchinesischer_Tiger.JPG
2026-05-24 15:29:06,786 | INFO | cold_start | Skipping duplicate media | modality=audio | url=https://upload.wikimedia.org/wikipedia/commons/2/29/439280_schots_angry-tiger.wav
2026-05-24 15:30:52,081 | INFO | main | Query received | query=gave me tiger image
2026-05-24 15:30:52,081 | INFO | main | Intent detected | intent=image
2026-05-24 15:30:52,784 | INFO | main | Query embedding created
2026-05-24 15:30:52,788 | INFO | main | Vector search completed | count=10
2026-05-24 15:31:46,933 | INFO | wikipediaapi._http_client.base_http_client | Wikipedia: language=en, user_agent: multimodal-rag-project/1.0 (Wikipedia-API/0.14.1; https://github.com/martin-majlis/Wikipedia-API/), extract_format=1
2026-05-24 15:31:47,362 | INFO | main | Backend started successfully
2026-05-24 15:36:19,795 | INFO | wikipediaapi._http_client.base_http_client | Wikipedia: language=en, user_agent: multimodal-rag-project/1.0 (Wikipedia-API/0.14.1; https://github.com/martin-majlis/Wikipedia-API/), extract_format=1
2026-05-24 15:36:20,172 | INFO | main | Backend started successfully
2026-05-24 15:36:23,633 | INFO | wikipediaapi._http_client.base_http_client | Wikipedia: language=en, user_agent: multimodal-rag-project/1.0 (Wikipedia-API/0.14.1; https://github.com/martin-majlis/Wikipedia-API/), extract_format=1
2026-05-24 15:36:23,940 | INFO | main | Backend started successfully
2026-05-24 15:36:42,139 | INFO | wikipediaapi._http_client.base_http_client | Wikipedia: language=en, user_agent: multimodal-rag-project/1.0 (Wikipedia-API/0.14.1; https://github.com/martin-majlis/Wikipedia-API/), extract_format=1
2026-05-24 15:36:42,470 | INFO | main | Backend started successfully
2026-05-24 15:37:11,042 | INFO | main | Query received | query=gave me tiger infromation
2026-05-24 15:37:11,042 | INFO | main | Intent detected | intent=text
2026-05-24 15:37:12,493 | INFO | main | Query embedding created
2026-05-24 15:37:12,648 | INFO | main | Vector search completed | count=10
2026-05-24 15:37:12,648 | INFO | main | BM25 search completed | count=0
2026-05-24 15:37:12,648 | INFO | main | Hybrid merge completed | count=10
2026-05-24 15:37:12,649 | INFO | main | Cold start skipped | intent=text | top_score=0.3969997763633728 | relevant_intent_results_available=True
2026-05-24 15:37:15,849 | INFO | main | Response sent | type=text
2026-05-24 15:37:32,321 | INFO | main | Query received | query=gave me tiger  image
2026-05-24 15:37:32,321 | INFO | main | Intent detected | intent=image
2026-05-24 15:37:32,966 | INFO | main | Query embedding created
2026-05-24 15:37:32,968 | INFO | main | Vector search completed | count=10
2026-05-24 15:37:32,968 | INFO | main | BM25 search completed | count=0
2026-05-24 15:37:32,968 | INFO | main | Hybrid merge completed | count=10
2026-05-24 15:37:32,968 | INFO | main | Cold start skipped | intent=image | top_score=0.27463406324386597 | relevant_intent_results_available=False
2026-05-24 15:37:32,970 | INFO | main | Response sent | type=image
2026-05-24 15:38:42,686 | INFO | main | Query received | query=gave me information about lion
2026-05-24 15:38:42,687 | INFO | main | Intent detected | intent=text
2026-05-24 15:38:43,219 | INFO | main | Query embedding created
2026-05-24 15:38:43,224 | INFO | main | Vector search completed | count=10
2026-05-24 15:38:43,225 | INFO | main | BM25 search completed | count=0
2026-05-24 15:38:43,226 | INFO | main | Hybrid merge completed | count=10
2026-05-24 15:38:43,226 | INFO | main | Cold start skipped | intent=text | top_score=0.2278681993484497 | relevant_intent_results_available=True
2026-05-24 15:38:45,445 | INFO | main | Response sent | type=text
2026-05-24 15:39:28,909 | INFO | main | Query received | query=tell me about lion
2026-05-24 15:39:28,910 | INFO | main | Intent detected | intent=text
2026-05-24 15:39:29,604 | INFO | main | Query embedding created
2026-05-24 15:39:29,609 | INFO | main | Vector search completed | count=10
2026-05-24 15:39:29,609 | INFO | main | BM25 search completed | count=0
2026-05-24 15:39:29,609 | INFO | main | Hybrid merge completed | count=10
2026-05-24 15:39:29,610 | INFO | main | Cold start skipped | intent=text | top_score=0.26258909702301025 | relevant_intent_results_available=True
2026-05-24 15:39:31,429 | INFO | main | Response sent | type=text
2026-05-24 15:46:51,849 | INFO | wikipediaapi._http_client.base_http_client | Wikipedia: language=en, user_agent: multimodal-rag-project/1.0 (Wikipedia-API/0.14.1; https://github.com/martin-majlis/Wikipedia-API/), extract_format=1
2026-05-24 15:46:52,329 | INFO | main | Backend started successfully
2026-05-24 15:47:08,451 | INFO | wikipediaapi._http_client.base_http_client | Wikipedia: language=en, user_agent: multimodal-rag-project/1.0 (Wikipedia-API/0.14.1; https://github.com/martin-majlis/Wikipedia-API/), extract_format=1
2026-05-24 15:47:08,846 | INFO | main | Backend started successfully
2026-05-24 15:52:48,593 | INFO | wikipediaapi._http_client.base_http_client | Wikipedia: language=en, user_agent: multimodal-rag-project/1.0 (Wikipedia-API/0.14.1; https://github.com/martin-majlis/Wikipedia-API/), extract_format=1
2026-05-24 15:52:49,009 | INFO | main | Backend started successfully
2026-05-24 15:53:09,524 | INFO | main | Query received | query=tell me about tiger
2026-05-24 15:53:09,525 | INFO | main | Intent detected | intent=text
2026-05-24 15:53:10,694 | INFO | main | Query embedding created
2026-05-24 15:53:10,880 | INFO | main | Vector search completed | count=10
2026-05-24 15:53:10,881 | INFO | main | BM25 search completed | count=0
2026-05-24 15:53:10,881 | INFO | main | Hybrid merge completed | count=10
2026-05-24 15:53:10,881 | INFO | main | Cold start skipped | intent=text | top_score=0.4518004059791565
2026-05-24 15:53:16,974 | INFO | main | Response sent | type=text
2026-05-24 15:53:42,725 | INFO | main | Query received | query=gave me tiger image
2026-05-24 15:53:42,727 | INFO | main | Intent detected | intent=image
2026-05-24 15:53:43,254 | INFO | main | Query embedding created
2026-05-24 15:53:43,256 | INFO | main | Vector search completed | count=10
2026-05-24 15:53:43,257 | INFO | main | BM25 search completed | count=0
2026-05-24 15:53:43,257 | INFO | main | Hybrid merge completed | count=10
2026-05-24 15:53:43,257 | INFO | main | Cold start needed | intent=image | top_score=0.18515753746032715
2026-05-24 15:53:43,257 | INFO | cold_start | Cold start triggered | query=gave me tiger image | intent=image
2026-05-24 15:53:43,257 | INFO | cold_start | Wikipedia search query normalized | original=gave me tiger image | clean=tiger
2026-05-24 15:53:44,499 | INFO | cold_start | Wikipedia best page selected | title=Tiger
2026-05-24 15:53:44,500 | INFO | wikipediaapi._http_client.sync_http_client | Request URL: https://en.wikipedia.org/w/api.php?format=json&redirects=1&action=query&prop=info&titles=Tiger&inprop=protection|talkid|watched|watchers|visitingwatchers|notificationtimestamp|subjectid|url|readable|preload|displaytitle|varianttitles
2026-05-24 15:53:45,030 | INFO | httpx | HTTP Request: GET https://en.wikipedia.org/w/api.php?format=json&redirects=1&action=query&prop=info&titles=Tiger&inprop=protection%7Ctalkid%7Cwatched%7Cwatchers%7Cvisitingwatchers%7Cnotificationtimestamp%7Csubjectid%7Curl%7Creadable%7Cpreload%7Cdisplaytitle%7Cvarianttitles "HTTP/1.1 429 Too Many Requests"
2026-05-24 15:54:01,756 | INFO | httpx | HTTP Request: GET https://en.wikipedia.org/w/api.php?format=json&redirects=1&action=query&prop=info&titles=Tiger&inprop=protection%7Ctalkid%7Cwatched%7Cwatchers%7Cvisitingwatchers%7Cnotificationtimestamp%7Csubjectid%7Curl%7Creadable%7Cpreload%7Cdisplaytitle%7Cvarianttitles "HTTP/1.1 200 OK"
2026-05-24 15:54:01,758 | INFO | wikipediaapi._http_client.sync_http_client | Request URL: https://en.wikipedia.org/w/api.php?format=json&redirects=1&action=query&prop=extracts&titles=Tiger&explaintext=1&exsectionformat=wiki
2026-05-24 15:54:02,529 | INFO | httpx | HTTP Request: GET https://en.wikipedia.org/w/api.php?format=json&redirects=1&action=query&prop=extracts&titles=Tiger&explaintext=1&exsectionformat=wiki "HTTP/1.1 200 OK"
2026-05-24 15:54:02,539 | INFO | cold_start | Skipping duplicate text content | page=Tiger
2026-05-24 15:54:06,694 | INFO | cold_start | Skipping duplicate media | modality=image | url=https://upload.wikimedia.org/wikipedia/commons/c/ce/2012-09-15_Tierpark_Berlin_26_%28cropped%29.jpg
2026-05-24 15:54:06,695 | INFO | cold_start | Skipping duplicate media | modality=image | url=https://upload.wikimedia.org/wikipedia/commons/8/81/2012_Suedchinesischer_Tiger.JPG
2026-05-24 15:54:06,696 | INFO | cold_start | Cold start ingestion completed | page=Tiger | intent=image | text_items=0 | images_found=2 | audios_found=1 | videos_found=0 | total_new_unique=0
2026-05-24 15:54:06,697 | INFO | main | Cold start completed but no new unique data found
2026-05-24 15:54:06,701 | INFO | main | Vector search rerun completed | count=10
2026-05-24 15:54:06,702 | INFO | main | BM25 search rerun completed | count=0
2026-05-24 15:54:06,703 | INFO | main | Hybrid merge rerun completed | count=10
2026-05-24 15:54:06,704 | INFO | main | Response sent | type=image
2026-05-24 16:08:39,099 | INFO | wikipediaapi._http_client.base_http_client | Wikipedia: language=en, user_agent: multimodal-rag-project/1.0 (Wikipedia-API/0.14.1; https://github.com/martin-majlis/Wikipedia-API/), extract_format=1
2026-05-24 16:08:39,957 | INFO | main | Backend started successfully
2026-05-24 16:09:56,037 | INFO | wikipediaapi._http_client.base_http_client | Wikipedia: language=en, user_agent: multimodal-rag-project/1.0 (Wikipedia-API/0.14.1; https://github.com/martin-majlis/Wikipedia-API/), extract_format=1
2026-05-24 16:09:56,458 | INFO | main | Backend started successfully
2026-05-24 16:10:13,720 | INFO | main | Query received | query=gave me tiger image
2026-05-24 16:10:13,720 | INFO | main | Intent detected | intent=image
2026-05-24 16:10:14,824 | INFO | main | Query embedding created
2026-05-24 16:10:14,974 | INFO | main | Vector search completed | count=10
2026-05-24 16:10:14,974 | INFO | main | BM25 search completed | count=0
2026-05-24 16:10:14,974 | INFO | main | Hybrid merge completed | total_count=10 | filtered_count=0
2026-05-24 16:10:14,975 | INFO | main | Cold start needed | intent=image | top_score=0.18515753746032715
2026-05-24 16:10:14,975 | INFO | cold_start | Cold start triggered | query=gave me tiger image | intent=image
2026-05-24 16:10:14,975 | INFO | cold_start | Wikipedia search query normalized | original=gave me tiger image | clean=tiger
2026-05-24 16:10:16,222 | INFO | cold_start | Wikipedia best page selected | title=Tiger
2026-05-24 16:10:16,222 | INFO | wikipediaapi._http_client.sync_http_client | Request URL: https://en.wikipedia.org/w/api.php?format=json&redirects=1&action=query&prop=info&titles=Tiger&inprop=protection|talkid|watched|watchers|visitingwatchers|notificationtimestamp|subjectid|url|readable|preload|displaytitle|varianttitles
2026-05-24 16:10:16,772 | INFO | httpx | HTTP Request: GET https://en.wikipedia.org/w/api.php?format=json&redirects=1&action=query&prop=info&titles=Tiger&inprop=protection%7Ctalkid%7Cwatched%7Cwatchers%7Cvisitingwatchers%7Cnotificationtimestamp%7Csubjectid%7Curl%7Creadable%7Cpreload%7Cdisplaytitle%7Cvarianttitles "HTTP/1.1 429 Too Many Requests"
2026-05-24 16:11:01,409 | INFO | httpx | HTTP Request: GET https://en.wikipedia.org/w/api.php?format=json&redirects=1&action=query&prop=info&titles=Tiger&inprop=protection%7Ctalkid%7Cwatched%7Cwatchers%7Cvisitingwatchers%7Cnotificationtimestamp%7Csubjectid%7Curl%7Creadable%7Cpreload%7Cdisplaytitle%7Cvarianttitles "HTTP/1.1 200 OK"
2026-05-24 16:11:01,411 | INFO | wikipediaapi._http_client.sync_http_client | Request URL: https://en.wikipedia.org/w/api.php?format=json&redirects=1&action=query&prop=extracts&titles=Tiger&explaintext=1&exsectionformat=wiki
2026-05-24 16:11:02,246 | INFO | httpx | HTTP Request: GET https://en.wikipedia.org/w/api.php?format=json&redirects=1&action=query&prop=extracts&titles=Tiger&explaintext=1&exsectionformat=wiki "HTTP/1.1 200 OK"
2026-05-24 16:11:02,253 | INFO | cold_start | Skipping duplicate text content | page=Tiger
2026-05-24 16:11:05,785 | INFO | cold_start | Skipping duplicate media | modality=image | url=https://upload.wikimedia.org/wikipedia/commons/c/ce/2012-09-15_Tierpark_Berlin_26_%28cropped%29.jpg
2026-05-24 16:11:05,786 | INFO | cold_start | Skipping duplicate media | modality=image | url=https://upload.wikimedia.org/wikipedia/commons/8/81/2012_Suedchinesischer_Tiger.JPG
2026-05-24 16:11:05,786 | INFO | cold_start | Cold start ingestion completed | page=Tiger | intent=image | text_items=0 | images_found=2 | audios_found=1 | videos_found=0 | total_new_unique=0
2026-05-24 16:11:05,787 | INFO | main | Cold start completed but no new unique data found
2026-05-24 16:11:05,792 | INFO | main | Vector search rerun completed | count=10
2026-05-24 16:11:05,792 | INFO | main | BM25 search rerun completed | count=0
2026-05-24 16:11:05,793 | INFO | main | Hybrid merge rerun completed | total_count=10 | filtered_count=0
2026-05-24 16:11:05,793 | INFO | main | Response sent | type=image
2026-05-24 16:13:06,796 | INFO | main | Query received | query=tell me about India
2026-05-24 16:13:06,796 | INFO | main | Intent detected | intent=text
2026-05-24 16:13:07,305 | INFO | main | Query embedding created
2026-05-24 16:13:07,327 | INFO | main | Vector search completed | count=10
2026-05-24 16:13:07,327 | INFO | main | BM25 search completed | count=0
2026-05-24 16:13:07,328 | INFO | main | Hybrid merge completed | total_count=10 | filtered_count=10
2026-05-24 16:13:07,328 | INFO | main | Cold start skipped | intent=text | top_score=0.1988363265991211
2026-05-24 16:13:09,418 | INFO | main | Response sent | type=text
2026-05-24 16:14:43,796 | INFO | wikipediaapi._http_client.base_http_client | Wikipedia: language=en, user_agent: multimodal-rag-project/1.0 (Wikipedia-API/0.14.1; https://github.com/martin-majlis/Wikipedia-API/), extract_format=1
2026-05-24 16:14:44,335 | INFO | main | Backend started successfully
2026-05-24 16:15:04,735 | INFO | main | Query received | query=gave me tiger image
2026-05-24 16:15:04,736 | INFO | main | Intent detected | intent=image
2026-05-24 16:15:05,606 | INFO | main | Query embedding created
2026-05-24 16:15:05,766 | INFO | main | Vector search completed | count=10
2026-05-24 16:15:05,766 | INFO | main | BM25 search completed | count=0
2026-05-24 16:15:05,767 | INFO | main | Hybrid merge completed | total_count=10 | filtered_count=0
2026-05-24 16:15:05,767 | INFO | main | Cold start needed | intent=image | top_score=0.18515753746032715
2026-05-24 16:15:05,767 | INFO | cold_start | Cold start triggered | query=gave me tiger image | intent=image
2026-05-24 16:15:05,767 | INFO | cold_start | Wikipedia search query normalized | original=gave me tiger image | clean=tiger
2026-05-24 16:15:07,334 | INFO | cold_start | Wikipedia best page selected | title=Tiger
2026-05-24 16:15:07,334 | INFO | wikipediaapi._http_client.sync_http_client | Request URL: https://en.wikipedia.org/w/api.php?format=json&redirects=1&action=query&prop=info&titles=Tiger&inprop=protection|talkid|watched|watchers|visitingwatchers|notificationtimestamp|subjectid|url|readable|preload|displaytitle|varianttitles
2026-05-24 16:15:07,978 | INFO | httpx | HTTP Request: GET https://en.wikipedia.org/w/api.php?format=json&redirects=1&action=query&prop=info&titles=Tiger&inprop=protection%7Ctalkid%7Cwatched%7Cwatchers%7Cvisitingwatchers%7Cnotificationtimestamp%7Csubjectid%7Curl%7Creadable%7Cpreload%7Cdisplaytitle%7Cvarianttitles "HTTP/1.1 200 OK"
2026-05-24 16:15:07,980 | INFO | wikipediaapi._http_client.sync_http_client | Request URL: https://en.wikipedia.org/w/api.php?format=json&redirects=1&action=query&prop=extracts&titles=Tiger&explaintext=1&exsectionformat=wiki
2026-05-24 16:15:08,727 | INFO | httpx | HTTP Request: GET https://en.wikipedia.org/w/api.php?format=json&redirects=1&action=query&prop=extracts&titles=Tiger&explaintext=1&exsectionformat=wiki "HTTP/1.1 200 OK"
2026-05-24 16:15:10,072 | INFO | ingestion | Text ingestion completed | chunks=2
2026-05-24 16:15:17,578 | INFO | ingestion | Media embedding attempt | file=./data/media\290a7fd3b4da4d40a9b1d453e618685b.jpg | attempt=1
2026-05-24 16:15:32,307 | INFO | ingestion | Media description attempt | modality=image | file=./data/media\290a7fd3b4da4d40a9b1d453e618685b.jpg | attempt=1
2026-05-24 16:17:53,503 | INFO | ingestion | Media ingestion completed | modality=image | id=image_0b3608d36f944fd09c7a653372111761
2026-05-24 16:17:55,609 | INFO | ingestion | Media embedding attempt | file=./data/media\3890ca639c6f4269b1454d4da4dcca40.jpg | attempt=1
2026-05-24 16:18:11,486 | INFO | ingestion | Media description attempt | modality=image | file=./data/media\3890ca639c6f4269b1454d4da4dcca40.jpg | attempt=1
2026-05-24 16:20:28,667 | INFO | ingestion | Media ingestion completed | modality=image | id=image_0cf639d9197f4bf599a222aa49a54786
2026-05-24 16:20:28,673 | INFO | cold_start | Cold start ingestion completed | page=Tiger | intent=image | text_items=2 | images_found=2 | audios_found=1 | videos_found=0 | total_new_unique=4
2026-05-24 16:20:28,675 | INFO | main | New unique data ingested from cold start | count=4
2026-05-24 16:20:28,681 | INFO | main | Vector search rerun completed | count=10
2026-05-24 16:20:28,691 | INFO | main | BM25 search rerun completed | count=4
2026-05-24 16:20:28,691 | INFO | main | Hybrid merge rerun completed | total_count=13 | filtered_count=2
2026-05-24 16:20:28,691 | INFO | main | Response sent | type=image
2026-05-24 16:20:54,225 | INFO | main | Query received | query=gave me tiger audio
2026-05-24 16:20:54,226 | INFO | main | Intent detected | intent=audio
2026-05-24 16:20:54,877 | INFO | main | Query embedding created
2026-05-24 16:20:54,885 | INFO | main | Vector search completed | count=10
2026-05-24 16:20:54,885 | INFO | main | BM25 search completed | count=4
2026-05-24 16:20:54,886 | INFO | main | Hybrid merge completed | total_count=13 | filtered_count=0
2026-05-24 16:20:54,887 | INFO | main | Cold start needed | intent=audio | top_score=0.13772928714752197
2026-05-24 16:20:54,887 | INFO | cold_start | Cold start triggered | query=gave me tiger audio | intent=audio
2026-05-24 16:20:54,888 | INFO | cold_start | Wikipedia search query normalized | original=gave me tiger audio | clean=tiger
2026-05-24 16:20:56,382 | INFO | cold_start | Wikipedia best page selected | title=Tiger
2026-05-24 16:20:56,384 | INFO | wikipediaapi._http_client.sync_http_client | Request URL: https://en.wikipedia.org/w/api.php?format=json&redirects=1&action=query&prop=info&titles=Tiger&inprop=protection|talkid|watched|watchers|visitingwatchers|notificationtimestamp|subjectid|url|readable|preload|displaytitle|varianttitles
2026-05-24 16:20:56,939 | INFO | httpx | HTTP Request: GET https://en.wikipedia.org/w/api.php?format=json&redirects=1&action=query&prop=info&titles=Tiger&inprop=protection%7Ctalkid%7Cwatched%7Cwatchers%7Cvisitingwatchers%7Cnotificationtimestamp%7Csubjectid%7Curl%7Creadable%7Cpreload%7Cdisplaytitle%7Cvarianttitles "HTTP/1.1 429 Too Many Requests"
2026-05-24 16:21:01,422 | INFO | httpx | HTTP Request: GET https://en.wikipedia.org/w/api.php?format=json&redirects=1&action=query&prop=info&titles=Tiger&inprop=protection%7Ctalkid%7Cwatched%7Cwatchers%7Cvisitingwatchers%7Cnotificationtimestamp%7Csubjectid%7Curl%7Creadable%7Cpreload%7Cdisplaytitle%7Cvarianttitles "HTTP/1.1 200 OK"
2026-05-24 16:21:01,424 | INFO | wikipediaapi._http_client.sync_http_client | Request URL: https://en.wikipedia.org/w/api.php?format=json&redirects=1&action=query&prop=extracts&titles=Tiger&explaintext=1&exsectionformat=wiki
2026-05-24 16:21:02,247 | INFO | httpx | HTTP Request: GET https://en.wikipedia.org/w/api.php?format=json&redirects=1&action=query&prop=extracts&titles=Tiger&explaintext=1&exsectionformat=wiki "HTTP/1.1 200 OK"
2026-05-24 16:21:02,255 | INFO | cold_start | Skipping duplicate text content | page=Tiger
2026-05-24 16:21:12,053 | INFO | ingestion | Media embedding attempt | file=./data/media\ca073f69010a4d988e18180a77d7552b.wav | attempt=1
2026-05-24 16:21:25,724 | INFO | ingestion | Media description attempt | modality=audio | file=./data/media\ca073f69010a4d988e18180a77d7552b.wav | attempt=1
2026-05-24 16:23:47,373 | INFO | ingestion | Media ingestion completed | modality=audio | id=audio_9f1bea04a4aa401ea70defd950f73721
2026-05-24 16:23:47,379 | INFO | cold_start | Cold start ingestion completed | page=Tiger | intent=audio | text_items=0 | images_found=2 | audios_found=1 | videos_found=0 | total_new_unique=1
2026-05-24 16:23:47,380 | INFO | main | New unique data ingested from cold start | count=1
2026-05-24 16:23:47,389 | INFO | main | Vector search rerun completed | count=10
2026-05-24 16:23:47,391 | INFO | main | BM25 search rerun completed | count=1
2026-05-24 16:23:47,392 | INFO | main | Hybrid merge rerun completed | total_count=11 | filtered_count=1
2026-05-24 16:23:47,392 | INFO | main | Response sent | type=audio
2026-05-24 16:24:47,950 | INFO | main | Query received | query=gave me dance video
2026-05-24 16:24:47,951 | INFO | main | Intent detected | intent=video
2026-05-24 16:24:48,458 | INFO | main | Query embedding created
2026-05-24 16:24:48,465 | INFO | main | Vector search completed | count=10
2026-05-24 16:24:48,467 | INFO | main | BM25 search completed | count=1
2026-05-24 16:24:48,467 | INFO | main | Hybrid merge completed | total_count=10 | filtered_count=0
2026-05-24 16:24:48,468 | INFO | main | Cold start needed | intent=video | top_score=0.11482840776443481
2026-05-24 16:24:48,468 | INFO | cold_start | Cold start triggered | query=gave me dance video | intent=video
2026-05-24 16:24:48,469 | INFO | cold_start | Wikipedia search query normalized | original=gave me dance video | clean=dance
2026-05-24 16:24:49,425 | INFO | cold_start | Wikipedia best page selected | title=Dance
2026-05-24 16:24:49,425 | INFO | wikipediaapi._http_client.sync_http_client | Request URL: https://en.wikipedia.org/w/api.php?format=json&redirects=1&action=query&prop=info&titles=Dance&inprop=protection|talkid|watched|watchers|visitingwatchers|notificationtimestamp|subjectid|url|readable|preload|displaytitle|varianttitles
2026-05-24 16:24:49,911 | INFO | httpx | HTTP Request: GET https://en.wikipedia.org/w/api.php?format=json&redirects=1&action=query&prop=info&titles=Dance&inprop=protection%7Ctalkid%7Cwatched%7Cwatchers%7Cvisitingwatchers%7Cnotificationtimestamp%7Csubjectid%7Curl%7Creadable%7Cpreload%7Cdisplaytitle%7Cvarianttitles "HTTP/1.1 429 Too Many Requests"
2026-05-24 16:25:01,581 | INFO | httpx | HTTP Request: GET https://en.wikipedia.org/w/api.php?format=json&redirects=1&action=query&prop=info&titles=Dance&inprop=protection%7Ctalkid%7Cwatched%7Cwatchers%7Cvisitingwatchers%7Cnotificationtimestamp%7Csubjectid%7Curl%7Creadable%7Cpreload%7Cdisplaytitle%7Cvarianttitles "HTTP/1.1 200 OK"
2026-05-24 16:25:01,583 | INFO | wikipediaapi._http_client.sync_http_client | Request URL: https://en.wikipedia.org/w/api.php?format=json&redirects=1&action=query&prop=extracts&titles=Dance&explaintext=1&exsectionformat=wiki
2026-05-24 16:25:02,249 | INFO | httpx | HTTP Request: GET https://en.wikipedia.org/w/api.php?format=json&redirects=1&action=query&prop=extracts&titles=Dance&explaintext=1&exsectionformat=wiki "HTTP/1.1 200 OK"
2026-05-24 16:25:03,397 | INFO | ingestion | Text ingestion completed | chunks=2
2026-05-24 16:25:06,226 | INFO | cold_start | Cold start ingestion completed | page=Dance | intent=video | text_items=2 | images_found=2 | audios_found=0 | videos_found=0 | total_new_unique=2
2026-05-24 16:25:06,227 | INFO | main | New unique data ingested from cold start | count=2
2026-05-24 16:25:06,231 | INFO | main | Vector search rerun completed | count=10
2026-05-24 16:25:06,231 | INFO | main | BM25 search rerun completed | count=2
2026-05-24 16:25:06,232 | INFO | main | Hybrid merge rerun completed | total_count=10 | filtered_count=0
2026-05-24 16:25:06,232 | INFO | main | Response sent | type=video
2026-05-24 16:29:03,692 | INFO | wikipediaapi._http_client.base_http_client | Wikipedia: language=en, user_agent: multimodal-rag-project/1.0 (Wikipedia-API/0.14.1; https://github.com/martin-majlis/Wikipedia-API/), extract_format=1
2026-05-24 16:29:04,372 | INFO | main | Backend started successfully
2026-05-24 16:29:19,380 | INFO | main | Query received | query=gave me Volcano eruption video
2026-05-24 16:29:19,380 | INFO | main | Intent detected | intent=video
2026-05-24 16:29:19,380 | INFO | main | Search top_k selected | intent=video | top_k=50
2026-05-24 16:29:20,300 | INFO | main | Query embedding created
2026-05-24 16:29:20,409 | INFO | main | Vector search completed | count=50
2026-05-24 16:29:20,410 | INFO | main | BM25 search completed | count=2
2026-05-24 16:29:20,411 | INFO | main | Hybrid merge completed | total_count=50 | filtered_count=0
2026-05-24 16:29:20,411 | INFO | main | Cold start needed | intent=video | top_score=0.14718973636627197
2026-05-24 16:29:20,411 | INFO | cold_start | Cold start triggered | query=gave me Volcano eruption video | intent=video
2026-05-24 16:29:20,411 | INFO | cold_start | Wikipedia search query normalized | original=gave me Volcano eruption video | clean=volcano eruption
2026-05-24 16:29:21,404 | INFO | cold_start | Wikipedia best page selected | title=Volcanic eruption
2026-05-24 16:29:21,405 | INFO | wikipediaapi._http_client.sync_http_client | Request URL: https://en.wikipedia.org/w/api.php?format=json&redirects=1&action=query&prop=info&titles=Volcanic eruption&inprop=protection|talkid|watched|watchers|visitingwatchers|notificationtimestamp|subjectid|url|readable|preload|displaytitle|varianttitles
2026-05-24 16:29:21,860 | INFO | httpx | HTTP Request: GET https://en.wikipedia.org/w/api.php?format=json&redirects=1&action=query&prop=info&titles=Volcanic+eruption&inprop=protection%7Ctalkid%7Cwatched%7Cwatchers%7Cvisitingwatchers%7Cnotificationtimestamp%7Csubjectid%7Curl%7Creadable%7Cpreload%7Cdisplaytitle%7Cvarianttitles "HTTP/1.1 429 Too Many Requests"
2026-05-24 16:30:01,395 | INFO | httpx | HTTP Request: GET https://en.wikipedia.org/w/api.php?format=json&redirects=1&action=query&prop=info&titles=Volcanic+eruption&inprop=protection%7Ctalkid%7Cwatched%7Cwatchers%7Cvisitingwatchers%7Cnotificationtimestamp%7Csubjectid%7Curl%7Creadable%7Cpreload%7Cdisplaytitle%7Cvarianttitles "HTTP/1.1 200 OK"
2026-05-24 16:30:01,397 | INFO | wikipediaapi._http_client.sync_http_client | Request URL: https://en.wikipedia.org/w/api.php?format=json&redirects=1&action=query&prop=extracts&titles=Volcanic eruption&explaintext=1&exsectionformat=wiki
2026-05-24 16:30:01,979 | INFO | httpx | HTTP Request: GET https://en.wikipedia.org/w/api.php?format=json&redirects=1&action=query&prop=extracts&titles=Volcanic+eruption&explaintext=1&exsectionformat=wiki "HTTP/1.1 200 OK"
2026-05-24 16:30:02,557 | INFO | ingestion | Text ingestion completed | chunks=1
2026-05-24 16:30:04,876 | INFO | cold_start | Cold start ingestion completed | page=Volcanic eruption | intent=video | text_items=1 | images_found=2 | audios_found=0 | videos_found=0 | total_new_unique=1
2026-05-24 16:30:04,877 | INFO | main | New unique data ingested from cold start | count=1
2026-05-24 16:30:04,882 | INFO | main | Vector search rerun completed | count=50
2026-05-24 16:30:04,885 | INFO | main | BM25 search rerun completed | count=1
2026-05-24 16:30:04,885 | INFO | main | Hybrid merge rerun completed | total_count=50 | filtered_count=0
2026-05-24 16:30:04,886 | INFO | main | Response sent | type=video
2026-05-24 16:32:39,655 | INFO | main | Query received | query=gave me Volcano eruption image
2026-05-24 16:32:39,655 | INFO | main | Intent detected | intent=image
2026-05-24 16:32:39,656 | INFO | main | Search top_k selected | intent=image | top_k=50
2026-05-24 16:32:40,090 | INFO | main | Query embedding created
2026-05-24 16:32:40,095 | INFO | main | Vector search completed | count=50
2026-05-24 16:32:40,095 | INFO | main | BM25 search completed | count=1
2026-05-24 16:32:40,095 | INFO | main | Hybrid merge completed | total_count=50 | filtered_count=0
2026-05-24 16:32:40,096 | INFO | main | Cold start needed | intent=image | top_score=0.3909059762954712
2026-05-24 16:32:40,096 | INFO | cold_start | Cold start triggered | query=gave me Volcano eruption image | intent=image
2026-05-24 16:32:40,096 | INFO | cold_start | Wikipedia search query normalized | original=gave me Volcano eruption image | clean=volcano eruption
2026-05-24 16:32:40,984 | INFO | cold_start | Wikipedia best page selected | title=Volcanic eruption
2026-05-24 16:32:40,984 | INFO | wikipediaapi._http_client.sync_http_client | Request URL: https://en.wikipedia.org/w/api.php?format=json&redirects=1&action=query&prop=info&titles=Volcanic eruption&inprop=protection|talkid|watched|watchers|visitingwatchers|notificationtimestamp|subjectid|url|readable|preload|displaytitle|varianttitles
2026-05-24 16:32:41,417 | INFO | httpx | HTTP Request: GET https://en.wikipedia.org/w/api.php?format=json&redirects=1&action=query&prop=info&titles=Volcanic+eruption&inprop=protection%7Ctalkid%7Cwatched%7Cwatchers%7Cvisitingwatchers%7Cnotificationtimestamp%7Csubjectid%7Curl%7Creadable%7Cpreload%7Cdisplaytitle%7Cvarianttitles "HTTP/1.1 429 Too Many Requests"
2026-05-24 16:33:01,050 | INFO | httpx | HTTP Request: GET https://en.wikipedia.org/w/api.php?format=json&redirects=1&action=query&prop=info&titles=Volcanic+eruption&inprop=protection%7Ctalkid%7Cwatched%7Cwatchers%7Cvisitingwatchers%7Cnotificationtimestamp%7Csubjectid%7Curl%7Creadable%7Cpreload%7Cdisplaytitle%7Cvarianttitles "HTTP/1.1 200 OK"
2026-05-24 16:33:01,051 | INFO | wikipediaapi._http_client.sync_http_client | Request URL: https://en.wikipedia.org/w/api.php?format=json&redirects=1&action=query&prop=extracts&titles=Volcanic eruption&explaintext=1&exsectionformat=wiki
2026-05-24 16:33:01,711 | INFO | httpx | HTTP Request: GET https://en.wikipedia.org/w/api.php?format=json&redirects=1&action=query&prop=extracts&titles=Volcanic+eruption&explaintext=1&exsectionformat=wiki "HTTP/1.1 200 OK"
2026-05-24 16:33:01,713 | INFO | cold_start | Skipping duplicate text content | page=Volcanic eruption
2026-05-24 16:33:05,082 | INFO | ingestion | Media embedding attempt | file=./data/media\624465d636b941f0b7cf61a8b4d99c1b.jpg | attempt=1
2026-05-24 16:33:13,890 | INFO | ingestion | Media description attempt | modality=image | file=./data/media\624465d636b941f0b7cf61a8b4d99c1b.jpg | attempt=1
2026-05-24 16:35:32,340 | INFO | ingestion | Media ingestion completed | modality=image | id=image_5a5ff39b038642bb89515843b2d55586
2026-05-24 16:35:34,104 | INFO | ingestion | Media embedding attempt | file=./data/media\7a64856b85e7433fabf5a568379a674d.jpg | attempt=1
2026-05-24 16:35:44,790 | INFO | ingestion | Media description attempt | modality=image | file=./data/media\7a64856b85e7433fabf5a568379a674d.jpg | attempt=1
2026-05-24 16:38:03,960 | INFO | ingestion | Media ingestion completed | modality=image | id=image_c64067b572834f4eb8351f04c36cd8da
2026-05-24 16:38:03,963 | INFO | cold_start | Cold start ingestion completed | page=Volcanic eruption | intent=image | text_items=0 | images_found=2 | audios_found=0 | videos_found=0 | total_new_unique=2
2026-05-24 16:38:03,964 | INFO | main | New unique data ingested from cold start | count=2
2026-05-24 16:38:03,968 | INFO | main | Vector search rerun completed | count=50
2026-05-24 16:38:03,968 | INFO | main | BM25 search rerun completed | count=2
2026-05-24 16:38:03,968 | INFO | main | Hybrid merge rerun completed | total_count=52 | filtered_count=2
2026-05-24 16:38:03,968 | INFO | main | Response sent | type=image
2026-05-24 16:38:41,175 | INFO | main | Query received | query=gave me Volcano eruption video
2026-05-24 16:38:41,176 | INFO | main | Intent detected | intent=video
2026-05-24 16:38:41,176 | INFO | main | Search top_k selected | intent=video | top_k=50
2026-05-24 16:38:41,872 | INFO | main | Query embedding created
2026-05-24 16:38:41,877 | INFO | main | Vector search completed | count=50
2026-05-24 16:38:41,877 | INFO | main | BM25 search completed | count=2
2026-05-24 16:38:41,877 | INFO | main | Hybrid merge completed | total_count=52 | filtered_count=0
2026-05-24 16:38:41,877 | INFO | main | Cold start needed | intent=video | top_score=0.3498283624649048
2026-05-24 16:38:41,877 | INFO | cold_start | Cold start triggered | query=gave me Volcano eruption video | intent=video
2026-05-24 16:38:41,878 | INFO | cold_start | Wikipedia search query normalized | original=gave me Volcano eruption video | clean=volcano eruption
2026-05-24 16:38:45,290 | INFO | cold_start | Wikipedia best page selected | title=Volcanic eruption
2026-05-24 16:38:45,290 | INFO | wikipediaapi._http_client.sync_http_client | Request URL: https://en.wikipedia.org/w/api.php?format=json&redirects=1&action=query&prop=info&titles=Volcanic eruption&inprop=protection|talkid|watched|watchers|visitingwatchers|notificationtimestamp|subjectid|url|readable|preload|displaytitle|varianttitles
2026-05-24 16:38:45,767 | INFO | httpx | HTTP Request: GET https://en.wikipedia.org/w/api.php?format=json&redirects=1&action=query&prop=info&titles=Volcanic+eruption&inprop=protection%7Ctalkid%7Cwatched%7Cwatchers%7Cvisitingwatchers%7Cnotificationtimestamp%7Csubjectid%7Curl%7Creadable%7Cpreload%7Cdisplaytitle%7Cvarianttitles "HTTP/1.1 429 Too Many Requests"
2026-05-24 16:39:01,416 | INFO | httpx | HTTP Request: GET https://en.wikipedia.org/w/api.php?format=json&redirects=1&action=query&prop=info&titles=Volcanic+eruption&inprop=protection%7Ctalkid%7Cwatched%7Cwatchers%7Cvisitingwatchers%7Cnotificationtimestamp%7Csubjectid%7Curl%7Creadable%7Cpreload%7Cdisplaytitle%7Cvarianttitles "HTTP/1.1 200 OK"
2026-05-24 16:39:01,418 | INFO | wikipediaapi._http_client.sync_http_client | Request URL: https://en.wikipedia.org/w/api.php?format=json&redirects=1&action=query&prop=extracts&titles=Volcanic eruption&explaintext=1&exsectionformat=wiki
2026-05-24 16:39:02,022 | INFO | httpx | HTTP Request: GET https://en.wikipedia.org/w/api.php?format=json&redirects=1&action=query&prop=extracts&titles=Volcanic+eruption&explaintext=1&exsectionformat=wiki "HTTP/1.1 200 OK"
2026-05-24 16:39:02,026 | INFO | cold_start | Skipping duplicate text content | page=Volcanic eruption
2026-05-24 16:39:05,717 | INFO | cold_start | Cold start ingestion completed | page=Volcanic eruption | intent=video | text_items=0 | images_found=2 | audios_found=0 | videos_found=0 | total_new_unique=0
2026-05-24 16:39:05,717 | INFO | main | Cold start completed but no new unique data found
2026-05-24 16:39:05,724 | INFO | main | Vector search rerun completed | count=50
2026-05-24 16:39:05,724 | INFO | main | BM25 search rerun completed | count=2
2026-05-24 16:39:05,725 | INFO | main | Hybrid merge rerun completed | total_count=52 | filtered_count=0
2026-05-24 16:39:05,725 | INFO | main | Response sent | type=video
2026-05-24 16:40:43,100 | INFO | main | Query received | query=gave me black hole video
2026-05-24 16:40:43,100 | INFO | main | Intent detected | intent=video
2026-05-24 16:40:43,101 | INFO | main | Search top_k selected | intent=video | top_k=50
2026-05-24 16:40:43,637 | INFO | main | Query embedding created
2026-05-24 16:40:43,642 | INFO | main | Vector search completed | count=50
2026-05-24 16:40:43,643 | INFO | main | BM25 search completed | count=2
2026-05-24 16:40:43,643 | INFO | main | Hybrid merge completed | total_count=52 | filtered_count=0
2026-05-24 16:40:43,643 | INFO | main | Cold start needed | intent=video | top_score=0.11880171298980713
2026-05-24 16:40:43,643 | INFO | cold_start | Cold start triggered | query=gave me black hole video | intent=video
2026-05-24 16:40:43,643 | INFO | cold_start | Wikipedia search query normalized | original=gave me black hole video | clean=black hole
2026-05-24 16:40:44,737 | INFO | cold_start | Wikipedia best page selected | title=Black hole
2026-05-24 16:40:44,738 | INFO | wikipediaapi._http_client.sync_http_client | Request URL: https://en.wikipedia.org/w/api.php?format=json&redirects=1&action=query&prop=info&titles=Black hole&inprop=protection|talkid|watched|watchers|visitingwatchers|notificationtimestamp|subjectid|url|readable|preload|displaytitle|varianttitles
2026-05-24 16:40:45,460 | INFO | httpx | HTTP Request: GET https://en.wikipedia.org/w/api.php?format=json&redirects=1&action=query&prop=info&titles=Black+hole&inprop=protection%7Ctalkid%7Cwatched%7Cwatchers%7Cvisitingwatchers%7Cnotificationtimestamp%7Csubjectid%7Curl%7Creadable%7Cpreload%7Cdisplaytitle%7Cvarianttitles "HTTP/1.1 429 Too Many Requests"
2026-05-24 16:41:01,315 | INFO | httpx | HTTP Request: GET https://en.wikipedia.org/w/api.php?format=json&redirects=1&action=query&prop=info&titles=Black+hole&inprop=protection%7Ctalkid%7Cwatched%7Cwatchers%7Cvisitingwatchers%7Cnotificationtimestamp%7Csubjectid%7Curl%7Creadable%7Cpreload%7Cdisplaytitle%7Cvarianttitles "HTTP/1.1 200 OK"
2026-05-24 16:41:01,316 | INFO | wikipediaapi._http_client.sync_http_client | Request URL: https://en.wikipedia.org/w/api.php?format=json&redirects=1&action=query&prop=extracts&titles=Black hole&explaintext=1&exsectionformat=wiki
2026-05-24 16:41:02,063 | INFO | httpx | HTTP Request: GET https://en.wikipedia.org/w/api.php?format=json&redirects=1&action=query&prop=extracts&titles=Black+hole&explaintext=1&exsectionformat=wiki "HTTP/1.1 200 OK"
2026-05-24 16:41:03,262 | INFO | ingestion | Text ingestion completed | chunks=2
2026-05-24 16:41:21,830 | INFO | ingestion | Media embedding attempt | file=./data/media\3555fb4a08f449928e0f567133c7b12b.webm | attempt=1
2026-05-24 16:42:41,501 | INFO | ingestion | Media description attempt | modality=video | file=./data/media\3555fb4a08f449928e0f567133c7b12b.webm | attempt=1
2026-05-24 16:45:41,710 | INFO | ingestion | Media ingestion completed | modality=video | id=video_44f4dd2ef7fe4c1e831ec70d370d4fad
2026-05-24 16:45:41,714 | INFO | cold_start | Cold start ingestion completed | page=Black hole | intent=video | text_items=2 | images_found=2 | audios_found=0 | videos_found=1 | total_new_unique=3
2026-05-24 16:45:41,714 | INFO | main | New unique data ingested from cold start | count=3
2026-05-24 16:45:41,720 | INFO | main | Vector search rerun completed | count=50
2026-05-24 16:45:41,720 | INFO | main | BM25 search rerun completed | count=3
2026-05-24 16:45:41,721 | INFO | main | Hybrid merge rerun completed | total_count=51 | filtered_count=1
2026-05-24 16:45:41,721 | INFO | main | Response sent | type=video
2026-05-24 16:46:16,554 | INFO | main | Query received | query=gave me black hole images
2026-05-24 16:46:16,554 | INFO | main | Intent detected | intent=image
2026-05-24 16:46:16,555 | INFO | main | Search top_k selected | intent=image | top_k=50
2026-05-24 16:46:17,052 | INFO | main | Query embedding created
2026-05-24 16:46:17,058 | INFO | main | Vector search completed | count=50
2026-05-24 16:46:17,058 | INFO | main | BM25 search completed | count=3
2026-05-24 16:46:17,059 | INFO | main | Hybrid merge completed | total_count=51 | filtered_count=0
2026-05-24 16:46:17,060 | INFO | main | Cold start needed | intent=image | top_score=0.3480551242828369
2026-05-24 16:46:17,061 | INFO | cold_start | Cold start triggered | query=gave me black hole images | intent=image
2026-05-24 16:46:17,061 | INFO | cold_start | Wikipedia search query normalized | original=gave me black hole images | clean=black hole
2026-05-24 16:46:18,010 | INFO | cold_start | Wikipedia best page selected | title=Black hole
2026-05-24 16:46:18,011 | INFO | wikipediaapi._http_client.sync_http_client | Request URL: https://en.wikipedia.org/w/api.php?format=json&redirects=1&action=query&prop=info&titles=Black hole&inprop=protection|talkid|watched|watchers|visitingwatchers|notificationtimestamp|subjectid|url|readable|preload|displaytitle|varianttitles
2026-05-24 16:46:18,266 | INFO | httpx | HTTP Request: GET https://en.wikipedia.org/w/api.php?format=json&redirects=1&action=query&prop=info&titles=Black+hole&inprop=protection%7Ctalkid%7Cwatched%7Cwatchers%7Cvisitingwatchers%7Cnotificationtimestamp%7Csubjectid%7Curl%7Creadable%7Cpreload%7Cdisplaytitle%7Cvarianttitles "HTTP/1.1 429 Your bot is making too many requests. Please reduce your request rate or contact bot-traffic@wikimedia.org (f263c81)"
2026-05-24 16:46:29,833 | INFO | httpx | HTTP Request: GET https://en.wikipedia.org/w/api.php?format=json&redirects=1&action=query&prop=info&titles=Black+hole&inprop=protection%7Ctalkid%7Cwatched%7Cwatchers%7Cvisitingwatchers%7Cnotificationtimestamp%7Csubjectid%7Curl%7Creadable%7Cpreload%7Cdisplaytitle%7Cvarianttitles "HTTP/1.1 429 Too Many Requests"
2026-05-24 16:47:01,527 | INFO | httpx | HTTP Request: GET https://en.wikipedia.org/w/api.php?format=json&redirects=1&action=query&prop=info&titles=Black+hole&inprop=protection%7Ctalkid%7Cwatched%7Cwatchers%7Cvisitingwatchers%7Cnotificationtimestamp%7Csubjectid%7Curl%7Creadable%7Cpreload%7Cdisplaytitle%7Cvarianttitles "HTTP/1.1 200 OK"
2026-05-24 16:47:01,528 | INFO | wikipediaapi._http_client.sync_http_client | Request URL: https://en.wikipedia.org/w/api.php?format=json&redirects=1&action=query&prop=extracts&titles=Black hole&explaintext=1&exsectionformat=wiki
2026-05-24 16:47:02,263 | INFO | httpx | HTTP Request: GET https://en.wikipedia.org/w/api.php?format=json&redirects=1&action=query&prop=extracts&titles=Black+hole&explaintext=1&exsectionformat=wiki "HTTP/1.1 200 OK"
2026-05-24 16:47:02,347 | INFO | cold_start | Skipping duplicate text content | page=Black hole
2026-05-24 16:47:07,541 | INFO | ingestion | Media embedding attempt | file=./data/media\56b7ad27a0414f90bb8aa954d5e249bf.jpg | attempt=1
2026-05-24 16:47:17,536 | INFO | ingestion | Media description attempt | modality=image | file=./data/media\56b7ad27a0414f90bb8aa954d5e249bf.jpg | attempt=1
2026-05-24 16:49:35,519 | INFO | ingestion | Media ingestion completed | modality=image | id=image_098827505f434ab5bb476e70f3aae7d5
2026-05-24 16:49:36,786 | INFO | ingestion | Media embedding attempt | file=./data/media\57172b93fe9740d4b1218b99132b27f1.jpg | attempt=1
2026-05-24 16:49:47,142 | INFO | ingestion | Media description attempt | modality=image | file=./data/media\57172b93fe9740d4b1218b99132b27f1.jpg | attempt=1
2026-05-24 16:52:03,259 | INFO | ingestion | Media ingestion completed | modality=image | id=image_14869d52d49c4bb6b11e791c3c396119
2026-05-24 16:52:03,264 | INFO | cold_start | Cold start ingestion completed | page=Black hole | intent=image | text_items=0 | images_found=2 | audios_found=0 | videos_found=1 | total_new_unique=2
2026-05-24 16:52:03,266 | INFO | main | New unique data ingested from cold start | count=2
2026-05-24 16:52:03,275 | INFO | main | Vector search rerun completed | count=50
2026-05-24 16:52:03,276 | INFO | main | BM25 search rerun completed | count=2
2026-05-24 16:52:03,278 | INFO | main | Hybrid merge rerun completed | total_count=52 | filtered_count=2
2026-05-24 16:52:03,278 | INFO | main | Response sent | type=image
2026-05-24 16:52:24,302 | INFO | main | Query received | query=gave me tiger audio
2026-05-24 16:52:24,303 | INFO | main | Intent detected | intent=audio
2026-05-24 16:52:24,303 | INFO | main | Search top_k selected | intent=audio | top_k=50
2026-05-24 16:52:25,152 | INFO | main | Query embedding created
2026-05-24 16:52:25,159 | INFO | main | Vector search completed | count=50
2026-05-24 16:52:25,159 | INFO | main | BM25 search completed | count=2
2026-05-24 16:52:25,159 | INFO | main | Hybrid merge completed | total_count=52 | filtered_count=7
2026-05-24 16:52:25,160 | INFO | main | Cold start skipped | intent=audio | top_score=0.13772928714752197
2026-05-24 16:52:25,161 | INFO | main | Response sent | type=audio
2026-05-24 16:52:48,602 | INFO | main | Query received | query=gave me black hole video
2026-05-24 16:52:48,604 | INFO | main | Intent detected | intent=video
2026-05-24 16:52:48,604 | INFO | main | Search top_k selected | intent=video | top_k=50
2026-05-24 16:52:49,246 | INFO | main | Query embedding created
2026-05-24 16:52:49,254 | INFO | main | Vector search completed | count=50
2026-05-24 16:52:49,254 | INFO | main | BM25 search completed | count=2
2026-05-24 16:52:49,254 | INFO | main | Hybrid merge completed | total_count=52 | filtered_count=0
2026-05-24 16:52:49,254 | INFO | main | Cold start needed | intent=video | top_score=0.2740074396133423
2026-05-24 16:52:49,254 | INFO | cold_start | Cold start triggered | query=gave me black hole video | intent=video
2026-05-24 16:52:49,254 | INFO | cold_start | Wikipedia search query normalized | original=gave me black hole video | clean=black hole
2026-05-24 16:52:50,339 | INFO | cold_start | Wikipedia best page selected | title=Black hole
2026-05-24 16:52:50,340 | INFO | wikipediaapi._http_client.sync_http_client | Request URL: https://en.wikipedia.org/w/api.php?format=json&redirects=1&action=query&prop=info&titles=Black hole&inprop=protection|talkid|watched|watchers|visitingwatchers|notificationtimestamp|subjectid|url|readable|preload|displaytitle|varianttitles
2026-05-24 16:52:51,051 | INFO | httpx | HTTP Request: GET https://en.wikipedia.org/w/api.php?format=json&redirects=1&action=query&prop=info&titles=Black+hole&inprop=protection%7Ctalkid%7Cwatched%7Cwatchers%7Cvisitingwatchers%7Cnotificationtimestamp%7Csubjectid%7Curl%7Creadable%7Cpreload%7Cdisplaytitle%7Cvarianttitles "HTTP/1.1 429 Too Many Requests"
2026-05-24 16:53:01,631 | INFO | httpx | HTTP Request: GET https://en.wikipedia.org/w/api.php?format=json&redirects=1&action=query&prop=info&titles=Black+hole&inprop=protection%7Ctalkid%7Cwatched%7Cwatchers%7Cvisitingwatchers%7Cnotificationtimestamp%7Csubjectid%7Curl%7Creadable%7Cpreload%7Cdisplaytitle%7Cvarianttitles "HTTP/1.1 200 OK"
2026-05-24 16:53:01,632 | INFO | wikipediaapi._http_client.sync_http_client | Request URL: https://en.wikipedia.org/w/api.php?format=json&redirects=1&action=query&prop=extracts&titles=Black hole&explaintext=1&exsectionformat=wiki
2026-05-24 16:53:02,359 | INFO | httpx | HTTP Request: GET https://en.wikipedia.org/w/api.php?format=json&redirects=1&action=query&prop=extracts&titles=Black+hole&explaintext=1&exsectionformat=wiki "HTTP/1.1 200 OK"
2026-05-24 16:53:02,440 | INFO | cold_start | Skipping duplicate text content | page=Black hole
2026-05-24 16:53:07,524 | INFO | cold_start | Skipping duplicate media | modality=video | url=https://upload.wikimedia.org/wikipedia/commons/a/a4/BBH_gravitational_lensing_of_gw150914.webm
2026-05-24 16:53:07,526 | INFO | cold_start | Cold start ingestion completed | page=Black hole | intent=video | text_items=0 | images_found=2 | audios_found=0 | videos_found=1 | total_new_unique=0
2026-05-24 16:53:07,526 | INFO | main | Cold start completed but no new unique data found
2026-05-24 16:53:07,537 | INFO | main | Vector search rerun completed | count=50
2026-05-24 16:53:07,538 | INFO | main | BM25 search rerun completed | count=2
2026-05-24 16:53:07,539 | INFO | main | Hybrid merge rerun completed | total_count=52 | filtered_count=0
2026-05-24 16:53:07,540 | INFO | main | Response sent | type=video
2026-05-24 16:54:51,745 | INFO | main | Query received | query=gave me black hole video
2026-05-24 16:54:51,745 | INFO | main | Intent detected | intent=video
2026-05-24 16:54:51,745 | INFO | main | Search top_k selected | intent=video | top_k=50
2026-05-24 16:54:52,486 | INFO | main | Query embedding created
2026-05-24 16:54:52,491 | INFO | main | Vector search completed | count=50
2026-05-24 16:54:52,491 | INFO | main | BM25 search completed | count=2
2026-05-24 16:54:52,491 | INFO | main | Hybrid merge completed | total_count=52 | filtered_count=0
2026-05-24 16:54:52,492 | INFO | main | Cold start needed | intent=video | top_score=0.2740074396133423
2026-05-24 16:54:52,492 | INFO | cold_start | Cold start triggered | query=gave me black hole video | intent=video
2026-05-24 16:54:52,492 | INFO | cold_start | Wikipedia search query normalized | original=gave me black hole video | clean=black hole
2026-05-24 16:54:53,598 | INFO | cold_start | Wikipedia best page selected | title=Black hole
2026-05-24 16:54:53,598 | INFO | wikipediaapi._http_client.sync_http_client | Request URL: https://en.wikipedia.org/w/api.php?format=json&redirects=1&action=query&prop=info&titles=Black hole&inprop=protection|talkid|watched|watchers|visitingwatchers|notificationtimestamp|subjectid|url|readable|preload|displaytitle|varianttitles
2026-05-24 16:54:54,139 | INFO | httpx | HTTP Request: GET https://en.wikipedia.org/w/api.php?format=json&redirects=1&action=query&prop=info&titles=Black+hole&inprop=protection%7Ctalkid%7Cwatched%7Cwatchers%7Cvisitingwatchers%7Cnotificationtimestamp%7Csubjectid%7Curl%7Creadable%7Cpreload%7Cdisplaytitle%7Cvarianttitles "HTTP/1.1 429 Too Many Requests"
2026-05-24 16:55:01,870 | INFO | httpx | HTTP Request: GET https://en.wikipedia.org/w/api.php?format=json&redirects=1&action=query&prop=info&titles=Black+hole&inprop=protection%7Ctalkid%7Cwatched%7Cwatchers%7Cvisitingwatchers%7Cnotificationtimestamp%7Csubjectid%7Curl%7Creadable%7Cpreload%7Cdisplaytitle%7Cvarianttitles "HTTP/1.1 200 OK"
2026-05-24 16:55:01,871 | INFO | wikipediaapi._http_client.sync_http_client | Request URL: https://en.wikipedia.org/w/api.php?format=json&redirects=1&action=query&prop=extracts&titles=Black hole&explaintext=1&exsectionformat=wiki
2026-05-24 16:55:02,676 | INFO | httpx | HTTP Request: GET https://en.wikipedia.org/w/api.php?format=json&redirects=1&action=query&prop=extracts&titles=Black+hole&explaintext=1&exsectionformat=wiki "HTTP/1.1 200 OK"
2026-05-24 16:55:02,767 | INFO | cold_start | Skipping duplicate text content | page=Black hole
2026-05-24 16:55:09,835 | INFO | cold_start | Skipping duplicate media | modality=video | url=https://upload.wikimedia.org/wikipedia/commons/a/a4/BBH_gravitational_lensing_of_gw150914.webm
2026-05-24 16:55:09,835 | INFO | cold_start | Cold start ingestion completed | page=Black hole | intent=video | text_items=0 | images_found=2 | audios_found=0 | videos_found=1 | total_new_unique=0
2026-05-24 16:55:09,836 | INFO | main | Cold start completed but no new unique data found
2026-05-24 16:55:09,842 | INFO | main | Vector search rerun completed | count=50
2026-05-24 16:55:09,842 | INFO | main | BM25 search rerun completed | count=2
2026-05-24 16:55:09,843 | INFO | main | Hybrid merge rerun completed | total_count=52 | filtered_count=0
2026-05-24 16:55:09,843 | INFO | main | Response sent | type=video
2026-05-24 17:00:55,273 | INFO | main | Query received | query=gave me  volcano  video
2026-05-24 17:00:55,273 | INFO | main | Intent detected | intent=video
2026-05-24 17:00:55,273 | INFO | main | Search top_k selected | intent=video | top_k=50
2026-05-24 17:00:56,489 | INFO | main | Query embedding created
2026-05-24 17:00:56,527 | INFO | main | Vector search completed | count=50
2026-05-24 17:00:56,528 | INFO | main | BM25 search completed | count=2
2026-05-24 17:00:56,528 | INFO | main | Hybrid merge completed | total_count=52 | filtered_count=0
2026-05-24 17:00:56,528 | INFO | main | Cold start needed | intent=video | top_score=0.2975958585739136
2026-05-24 17:00:56,528 | INFO | cold_start | Cold start triggered | query=gave me  volcano  video | intent=video
2026-05-24 17:00:56,528 | INFO | cold_start | Wikipedia search query normalized | original=gave me  volcano  video | clean=volcano
2026-05-24 17:00:57,870 | INFO | cold_start | Wikipedia best page selected | title=Volcano
2026-05-24 17:00:57,874 | INFO | wikipediaapi._http_client.sync_http_client | Request URL: https://en.wikipedia.org/w/api.php?format=json&redirects=1&action=query&prop=info&titles=Volcano&inprop=protection|talkid|watched|watchers|visitingwatchers|notificationtimestamp|subjectid|url|readable|preload|displaytitle|varianttitles
2026-05-24 17:00:58,508 | INFO | httpx | HTTP Request: GET https://en.wikipedia.org/w/api.php?format=json&redirects=1&action=query&prop=info&titles=Volcano&inprop=protection%7Ctalkid%7Cwatched%7Cwatchers%7Cvisitingwatchers%7Cnotificationtimestamp%7Csubjectid%7Curl%7Creadable%7Cpreload%7Cdisplaytitle%7Cvarianttitles "HTTP/1.1 429 Too Many Requests"
2026-05-24 17:01:00,969 | INFO | httpx | HTTP Request: GET https://en.wikipedia.org/w/api.php?format=json&redirects=1&action=query&prop=info&titles=Volcano&inprop=protection%7Ctalkid%7Cwatched%7Cwatchers%7Cvisitingwatchers%7Cnotificationtimestamp%7Csubjectid%7Curl%7Creadable%7Cpreload%7Cdisplaytitle%7Cvarianttitles "HTTP/1.1 200 OK"
2026-05-24 17:01:00,970 | INFO | wikipediaapi._http_client.sync_http_client | Request URL: https://en.wikipedia.org/w/api.php?format=json&redirects=1&action=query&prop=extracts&titles=Volcano&explaintext=1&exsectionformat=wiki
2026-05-24 17:01:01,836 | INFO | httpx | HTTP Request: GET https://en.wikipedia.org/w/api.php?format=json&redirects=1&action=query&prop=extracts&titles=Volcano&explaintext=1&exsectionformat=wiki "HTTP/1.1 200 OK"
2026-05-24 17:01:02,986 | INFO | ingestion | Text ingestion completed | chunks=2
2026-05-24 17:02:05,241 | INFO | ingestion | Media embedding attempt | file=./data/media\eddaea4e814d4474a295699b76a08ae2.webm | attempt=1
2026-05-24 17:05:30,803 | INFO | ingestion | Media description attempt | modality=video | file=./data/media\eddaea4e814d4474a295699b76a08ae2.webm | attempt=1
2026-05-24 17:11:11,992 | INFO | ingestion | Media ingestion completed | modality=video | id=video_e6e1794811a04801af825b1c0e497942
2026-05-24 17:11:12,009 | INFO | cold_start | Cold start ingestion completed | page=Volcano | intent=video | text_items=2 | images_found=2 | audios_found=0 | videos_found=1 | total_new_unique=3
2026-05-24 17:11:12,010 | INFO | main | New unique data ingested from cold start | count=3
2026-05-24 17:11:12,033 | INFO | main | Vector search rerun completed | count=50
2026-05-24 17:11:12,038 | INFO | main | BM25 search rerun completed | count=3
2026-05-24 17:11:12,039 | INFO | main | Hybrid merge rerun completed | total_count=51 | filtered_count=1
2026-05-24 17:11:12,039 | INFO | main | Response sent | type=video
2026-05-24 18:00:28,876 | INFO | wikipediaapi._http_client.base_http_client | Wikipedia: language=en, user_agent: multimodal-rag-project/1.0 (Wikipedia-API/0.14.1; https://github.com/martin-majlis/Wikipedia-API/), extract_format=1
2026-05-24 18:00:29,878 | INFO | main | Backend started successfully
2026-05-24 18:00:35,758 | INFO | wikipediaapi._http_client.base_http_client | Wikipedia: language=en, user_agent: multimodal-rag-project/1.0 (Wikipedia-API/0.14.1; https://github.com/martin-majlis/Wikipedia-API/), extract_format=1
2026-05-24 18:00:36,129 | INFO | main | Backend started successfully
2026-05-24 18:04:48,060 | INFO | wikipediaapi._http_client.base_http_client | Wikipedia: language=en, user_agent: multimodal-rag-project/1.0 (Wikipedia-API/0.14.1; https://github.com/martin-majlis/Wikipedia-API/), extract_format=1
2026-05-24 18:04:48,479 | INFO | main | Backend started successfully
2026-05-24 18:05:06,194 | INFO | main | Query received | query=tell me about parrot and gave me images of it
2026-05-24 18:05:06,194 | INFO | main | Intent detected | intent=image
2026-05-24 18:05:06,194 | INFO | main | Search top_k selected | intent=image | top_k=50
2026-05-24 18:05:07,314 | INFO | main | Query embedding created
2026-05-24 18:05:07,449 | INFO | main | Vector search completed | count=50
2026-05-24 18:05:07,451 | INFO | main | BM25 search completed | count=3
2026-05-24 18:05:07,451 | INFO | main | Hybrid merge completed | total_count=51 | filtered_count=0
2026-05-24 18:05:07,451 | INFO | main | Cold start needed | intent=image | top_score=0.2219679355621338
2026-05-24 18:05:07,451 | INFO | cold_start | Cold start triggered | query=tell me about parrot and gave me images of it | intent=image
2026-05-24 18:05:07,452 | INFO | cold_start | Wikipedia search query normalized | original=tell me about parrot and gave me images of it | clean=parrot and   of it
2026-05-24 18:05:08,589 | INFO | cold_start | Wikipedia best page selected | title=Parrot
2026-05-24 18:05:08,589 | INFO | wikipediaapi._http_client.sync_http_client | Request URL: https://en.wikipedia.org/w/api.php?format=json&redirects=1&action=query&prop=info&titles=Parrot&inprop=protection|talkid|watched|watchers|visitingwatchers|notificationtimestamp|subjectid|url|readable|preload|displaytitle|varianttitles
2026-05-24 18:05:09,243 | INFO | httpx | HTTP Request: GET https://en.wikipedia.org/w/api.php?format=json&redirects=1&action=query&prop=info&titles=Parrot&inprop=protection%7Ctalkid%7Cwatched%7Cwatchers%7Cvisitingwatchers%7Cnotificationtimestamp%7Csubjectid%7Curl%7Creadable%7Cpreload%7Cdisplaytitle%7Cvarianttitles "HTTP/1.1 200 OK"
2026-05-24 18:05:09,243 | INFO | wikipediaapi._http_client.sync_http_client | Request URL: https://en.wikipedia.org/w/api.php?format=json&redirects=1&action=query&prop=extracts&titles=Parrot&explaintext=1&exsectionformat=wiki
2026-05-24 18:05:10,028 | INFO | httpx | HTTP Request: GET https://en.wikipedia.org/w/api.php?format=json&redirects=1&action=query&prop=extracts&titles=Parrot&explaintext=1&exsectionformat=wiki "HTTP/1.1 200 OK"
2026-05-24 18:05:11,964 | INFO | ingestion | Text ingestion completed | chunks=3
2026-05-24 18:05:18,435 | INFO | ingestion | Media embedding attempt | file=./data/media\3db58ec86438451e950322bdb47c5639.jpg | attempt=1
2026-05-24 18:05:35,858 | INFO | ingestion | Media description attempt | modality=image | file=./data/media\3db58ec86438451e950322bdb47c5639.jpg | attempt=1
2026-05-24 18:08:01,185 | INFO | ingestion | Media ingestion completed | modality=image | id=image_98c1f0ff519b41a8b549688b2379313d
2026-05-24 18:08:03,846 | INFO | ingestion | Media embedding attempt | file=./data/media\fc18c238b3474b48b73368189efb43ea.jpg | attempt=1
2026-05-24 18:08:16,877 | INFO | ingestion | Media description attempt | modality=image | file=./data/media\fc18c238b3474b48b73368189efb43ea.jpg | attempt=1
2026-05-24 18:10:38,413 | INFO | ingestion | Media ingestion completed | modality=image | id=image_1e28d594460d45e681dedb2cf2e7eb2c
2026-05-24 18:10:38,423 | INFO | cold_start | Cold start ingestion completed | page=Parrot | intent=image | text_items=3 | images_found=2 | audios_found=1 | videos_found=1 | total_new_unique=5
2026-05-24 18:10:38,425 | INFO | main | New unique data ingested from cold start | count=5
2026-05-24 18:10:38,459 | INFO | main | Vector search rerun completed | count=50
2026-05-24 18:10:38,468 | INFO | main | BM25 search rerun completed | count=5
2026-05-24 18:10:38,470 | INFO | main | Hybrid merge rerun completed | total_count=52 | filtered_count=2
2026-05-24 18:10:38,470 | INFO | main | Response sent | type=image
2026-05-24 18:11:25,063 | INFO | main | Query received | query=tell me about parrot
2026-05-24 18:11:25,064 | INFO | main | Intent detected | intent=text
2026-05-24 18:11:25,066 | INFO | main | Search top_k selected | intent=text | top_k=10
2026-05-24 18:11:25,581 | INFO | main | Query embedding created
2026-05-24 18:11:25,591 | INFO | main | Vector search completed | count=10
2026-05-24 18:11:25,592 | INFO | main | BM25 search completed | count=5
2026-05-24 18:11:25,593 | INFO | main | Hybrid merge completed | total_count=12 | filtered_count=10
2026-05-24 18:11:25,594 | INFO | main | Cold start skipped | intent=text | top_score=0.40490978956222534
2026-05-24 18:11:30,371 | INFO | main | Response sent | type=text
2026-05-25 11:12:33,072 | INFO | wikipediaapi._http_client.base_http_client | Wikipedia: language=en, user_agent: multimodal-rag-project/1.0 (Wikipedia-API/0.14.1; https://github.com/martin-majlis/Wikipedia-API/), extract_format=1
2026-05-25 11:12:33,447 | INFO | main | Backend started successfully
2026-05-25 11:14:27,447 | INFO | main | Query received | query=tell me about Tsunami
2026-05-25 11:14:27,447 | INFO | main | Intent detected | intent=text
2026-05-25 11:14:27,447 | INFO | main | Search top_k selected | intent=text | top_k=10
2026-05-25 11:14:28,486 | INFO | main | Query embedding created
2026-05-25 11:14:28,625 | INFO | main | Vector search completed | count=10
2026-05-25 11:14:28,626 | INFO | main | BM25 search completed | count=5
2026-05-25 11:14:28,627 | INFO | main | Hybrid merge completed | total_count=15 | filtered_count=6
2026-05-25 11:14:28,627 | INFO | main | Cold start skipped | intent=text | top_score=0.15575647354125977
2026-05-25 11:14:30,882 | INFO | main | Response sent | type=text
2026-05-25 11:15:32,715 | INFO | wikipediaapi._http_client.base_http_client | Wikipedia: language=en, user_agent: multimodal-rag-project/1.0 (Wikipedia-API/0.14.1; https://github.com/martin-majlis/Wikipedia-API/), extract_format=1
2026-05-25 11:15:33,093 | INFO | main | Backend started successfully
2026-05-25 11:15:49,841 | INFO | main | Query received | query=tell me about Tsunami
2026-05-25 11:15:49,841 | INFO | main | Intent detected | intent=text
2026-05-25 11:15:49,841 | INFO | main | Search top_k selected | intent=text | top_k=10
2026-05-25 11:15:50,546 | INFO | main | Query embedding created
2026-05-25 11:15:50,624 | INFO | main | Vector search completed | count=10
2026-05-25 11:15:50,624 | INFO | main | BM25 search completed | count=5
2026-05-25 11:15:50,625 | INFO | main | Hybrid merge completed | total_count=15 | filtered_count=6
2026-05-25 11:15:50,625 | INFO | main | Cold start needed | intent=text | top_score=0.15575647354125977
2026-05-25 11:15:50,625 | INFO | cold_start | Cold start triggered | query=tell me about Tsunami | intent=text
2026-05-25 11:15:50,625 | INFO | cold_start | Wikipedia search query normalized | original=tell me about Tsunami | clean=tsunami
2026-05-25 11:15:51,580 | INFO | cold_start | Wikipedia best page selected | title=Tsunami
2026-05-25 11:15:51,580 | INFO | wikipediaapi._http_client.sync_http_client | Request URL: https://en.wikipedia.org/w/api.php?format=json&redirects=1&action=query&prop=info&titles=Tsunami&inprop=protection|talkid|watched|watchers|visitingwatchers|notificationtimestamp|subjectid|url|readable|preload|displaytitle|varianttitles
2026-05-25 11:15:52,016 | INFO | httpx | HTTP Request: GET https://en.wikipedia.org/w/api.php?format=json&redirects=1&action=query&prop=info&titles=Tsunami&inprop=protection%7Ctalkid%7Cwatched%7Cwatchers%7Cvisitingwatchers%7Cnotificationtimestamp%7Csubjectid%7Curl%7Creadable%7Cpreload%7Cdisplaytitle%7Cvarianttitles "HTTP/1.1 429 Too Many Requests"
2026-05-25 11:16:00,836 | INFO | httpx | HTTP Request: GET https://en.wikipedia.org/w/api.php?format=json&redirects=1&action=query&prop=info&titles=Tsunami&inprop=protection%7Ctalkid%7Cwatched%7Cwatchers%7Cvisitingwatchers%7Cnotificationtimestamp%7Csubjectid%7Curl%7Creadable%7Cpreload%7Cdisplaytitle%7Cvarianttitles "HTTP/1.1 200 OK"
2026-05-25 11:16:00,837 | INFO | wikipediaapi._http_client.sync_http_client | Request URL: https://en.wikipedia.org/w/api.php?format=json&redirects=1&action=query&prop=extracts&titles=Tsunami&explaintext=1&exsectionformat=wiki
2026-05-25 11:16:01,409 | INFO | httpx | HTTP Request: GET https://en.wikipedia.org/w/api.php?format=json&redirects=1&action=query&prop=extracts&titles=Tsunami&explaintext=1&exsectionformat=wiki "HTTP/1.1 200 OK"
2026-05-25 11:16:03,185 | INFO | ingestion | Text ingestion completed | chunks=3
2026-05-25 11:16:10,059 | INFO | cold_start | Text intent detected, skipping media ingestion to reduce cold-start time
2026-05-25 11:16:10,063 | INFO | cold_start | Cold start ingestion completed | page=Tsunami | intent=text | text_items=3 | images_found=7 | audios_found=0 | videos_found=0 | total_new_unique=3
2026-05-25 11:16:10,063 | INFO | main | New unique data ingested from cold start | count=3
2026-05-25 11:16:10,066 | INFO | main | Vector search rerun completed | count=10
2026-05-25 11:16:10,066 | INFO | main | BM25 search rerun completed | count=8
2026-05-25 11:16:10,067 | INFO | main | Hybrid merge rerun completed | total_count=15 | filtered_count=8
2026-05-25 11:16:13,623 | INFO | main | Response sent | type=text
2026-05-25 11:16:44,191 | INFO | main | Query received | query=gave me Tsunami images
2026-05-25 11:16:44,191 | INFO | main | Intent detected | intent=image
2026-05-25 11:16:44,191 | INFO | main | Search top_k selected | intent=image | top_k=50
2026-05-25 11:16:44,760 | INFO | main | Query embedding created
2026-05-25 11:16:44,768 | INFO | main | Vector search completed | count=50
2026-05-25 11:16:44,768 | INFO | main | BM25 search completed | count=8
2026-05-25 11:16:44,768 | INFO | main | Hybrid merge completed | total_count=54 | filtered_count=2
2026-05-25 11:16:44,768 | INFO | main | Cold start skipped | intent=image | top_score=0.42757707834243774
2026-05-25 11:16:44,768 | INFO | main | Response sent | type=image
2026-05-25 11:18:44,442 | INFO | main | Query received | query=gave me Tsunami video
2026-05-25 11:18:44,443 | INFO | main | Intent detected | intent=video
2026-05-25 11:18:44,443 | INFO | main | Search top_k selected | intent=video | top_k=50
2026-05-25 11:18:44,928 | INFO | main | Query embedding created
2026-05-25 11:18:44,934 | INFO | main | Vector search completed | count=50
2026-05-25 11:18:44,934 | INFO | main | BM25 search completed | count=8
2026-05-25 11:18:44,935 | INFO | main | Hybrid merge completed | total_count=54 | filtered_count=0
2026-05-25 11:18:44,935 | INFO | main | Cold start needed | intent=video | top_score=0.398967981338501
2026-05-25 11:18:44,935 | INFO | cold_start | Cold start triggered | query=gave me Tsunami video | intent=video
2026-05-25 11:18:44,936 | INFO | cold_start | Wikipedia search query normalized | original=gave me Tsunami video | clean=tsunami
2026-05-25 11:18:45,874 | INFO | cold_start | Wikipedia best page selected | title=Tsunami
2026-05-25 11:18:45,875 | INFO | wikipediaapi._http_client.sync_http_client | Request URL: https://en.wikipedia.org/w/api.php?format=json&redirects=1&action=query&prop=info&titles=Tsunami&inprop=protection|talkid|watched|watchers|visitingwatchers|notificationtimestamp|subjectid|url|readable|preload|displaytitle|varianttitles
2026-05-25 11:18:46,355 | INFO | httpx | HTTP Request: GET https://en.wikipedia.org/w/api.php?format=json&redirects=1&action=query&prop=info&titles=Tsunami&inprop=protection%7Ctalkid%7Cwatched%7Cwatchers%7Cvisitingwatchers%7Cnotificationtimestamp%7Csubjectid%7Curl%7Creadable%7Cpreload%7Cdisplaytitle%7Cvarianttitles "HTTP/1.1 429 Too Many Requests"
2026-05-25 11:19:01,069 | INFO | httpx | HTTP Request: GET https://en.wikipedia.org/w/api.php?format=json&redirects=1&action=query&prop=info&titles=Tsunami&inprop=protection%7Ctalkid%7Cwatched%7Cwatchers%7Cvisitingwatchers%7Cnotificationtimestamp%7Csubjectid%7Curl%7Creadable%7Cpreload%7Cdisplaytitle%7Cvarianttitles "HTTP/1.1 200 OK"
2026-05-25 11:19:01,070 | INFO | wikipediaapi._http_client.sync_http_client | Request URL: https://en.wikipedia.org/w/api.php?format=json&redirects=1&action=query&prop=extracts&titles=Tsunami&explaintext=1&exsectionformat=wiki
2026-05-25 11:19:01,601 | INFO | httpx | HTTP Request: GET https://en.wikipedia.org/w/api.php?format=json&redirects=1&action=query&prop=extracts&titles=Tsunami&explaintext=1&exsectionformat=wiki "HTTP/1.1 200 OK"
2026-05-25 11:19:01,636 | INFO | cold_start | Skipping duplicate text content | page=Tsunami
2026-05-25 11:19:08,443 | INFO | cold_start | Cold start ingestion completed | page=Tsunami | intent=video | text_items=0 | images_found=7 | audios_found=0 | videos_found=0 | total_new_unique=0
2026-05-25 11:19:08,444 | INFO | main | Cold start completed but no new unique data found
2026-05-25 11:19:08,450 | INFO | main | Vector search rerun completed | count=50
2026-05-25 11:19:08,450 | INFO | main | BM25 search rerun completed | count=8
2026-05-25 11:19:08,450 | INFO | main | Hybrid merge rerun completed | total_count=54 | filtered_count=0
2026-05-25 11:19:08,450 | INFO | main | Response sent | type=video
2026-05-25 11:19:39,953 | INFO | main | Query received | query=gave me parrot audio
2026-05-25 11:19:39,955 | INFO | main | Intent detected | intent=audio
2026-05-25 11:19:39,955 | INFO | main | Search top_k selected | intent=audio | top_k=50
2026-05-25 11:19:40,598 | INFO | main | Query embedding created
2026-05-25 11:19:40,606 | INFO | main | Vector search completed | count=50
2026-05-25 11:19:40,607 | INFO | main | BM25 search completed | count=8
2026-05-25 11:19:40,607 | INFO | main | Hybrid merge completed | total_count=54 | filtered_count=7
2026-05-25 11:19:40,607 | INFO | main | Cold start skipped | intent=audio | top_score=0.17630857229232788
2026-05-25 11:19:40,607 | INFO | main | Response sent | type=audio
2026-05-25 11:23:16,696 | INFO | main | Query received | query=gave me  elephant images
2026-05-25 11:23:16,697 | INFO | main | Intent detected | intent=image
2026-05-25 11:23:16,697 | INFO | main | Search top_k selected | intent=image | top_k=50
2026-05-25 11:23:17,455 | INFO | main | Query embedding created
2026-05-25 11:23:17,460 | INFO | main | Vector search completed | count=50
2026-05-25 11:23:17,461 | INFO | main | BM25 search completed | count=8
2026-05-25 11:23:17,461 | INFO | main | Hybrid merge completed | total_count=55 | filtered_count=2
2026-05-25 11:23:17,461 | INFO | main | Cold start skipped | intent=image | top_score=0.15414923429489136
2026-05-25 11:23:17,462 | INFO | main | Response sent | type=image
2026-05-25 11:31:33,874 | INFO | wikipediaapi._http_client.base_http_client | Wikipedia: language=en, user_agent: multimodal-rag-project/1.0 (Wikipedia-API/0.14.1; https://github.com/martin-majlis/Wikipedia-API/), extract_format=1
2026-05-25 11:31:34,257 | INFO | main | Backend started successfully
2026-05-25 11:32:35,998 | INFO | wikipediaapi._http_client.base_http_client | Wikipedia: language=en, user_agent: multimodal-rag-project/1.0 (Wikipedia-API/0.14.1; https://github.com/martin-majlis/Wikipedia-API/), extract_format=1
2026-05-25 11:32:36,330 | INFO | main | Backend started successfully
2026-05-25 11:32:49,896 | INFO | main | Query received | query=gave me elephant images
2026-05-25 11:32:49,897 | INFO | main | Intent detected | intent=image
2026-05-25 11:32:49,898 | INFO | main | Search top_k selected | intent=image | top_k=50
2026-05-25 11:32:50,799 | INFO | main | Query embedding created
2026-05-25 11:32:50,892 | INFO | main | Vector search completed | count=50
2026-05-25 11:32:50,892 | INFO | main | BM25 search completed | count=8
2026-05-25 11:32:50,892 | INFO | main | Hybrid merge completed | total_count=55 | final_filtered_count=0
2026-05-25 11:32:50,892 | INFO | main | Cold start needed | intent=image | top_score=0.0009100437164306641 | filtered_count=0
2026-05-25 11:32:50,893 | INFO | cold_start | Cold start triggered | query=gave me elephant images | intent=image
2026-05-25 11:32:50,893 | INFO | cold_start | Wikipedia search query normalized | original=gave me elephant images | clean=elephant
2026-05-25 11:32:51,798 | INFO | cold_start | Wikipedia best page selected | title=Elephant
2026-05-25 11:32:51,799 | INFO | wikipediaapi._http_client.sync_http_client | Request URL: https://en.wikipedia.org/w/api.php?format=json&redirects=1&action=query&prop=info&titles=Elephant&inprop=protection|talkid|watched|watchers|visitingwatchers|notificationtimestamp|subjectid|url|readable|preload|displaytitle|varianttitles
2026-05-25 11:32:52,294 | INFO | httpx | HTTP Request: GET https://en.wikipedia.org/w/api.php?format=json&redirects=1&action=query&prop=info&titles=Elephant&inprop=protection%7Ctalkid%7Cwatched%7Cwatchers%7Cvisitingwatchers%7Cnotificationtimestamp%7Csubjectid%7Curl%7Creadable%7Cpreload%7Cdisplaytitle%7Cvarianttitles "HTTP/1.1 429 Too Many Requests"
2026-05-25 11:33:01,011 | INFO | httpx | HTTP Request: GET https://en.wikipedia.org/w/api.php?format=json&redirects=1&action=query&prop=info&titles=Elephant&inprop=protection%7Ctalkid%7Cwatched%7Cwatchers%7Cvisitingwatchers%7Cnotificationtimestamp%7Csubjectid%7Curl%7Creadable%7Cpreload%7Cdisplaytitle%7Cvarianttitles "HTTP/1.1 200 OK"
2026-05-25 11:33:01,011 | INFO | wikipediaapi._http_client.sync_http_client | Request URL: https://en.wikipedia.org/w/api.php?format=json&redirects=1&action=query&prop=extracts&titles=Elephant&explaintext=1&exsectionformat=wiki
2026-05-25 11:33:01,760 | INFO | httpx | HTTP Request: GET https://en.wikipedia.org/w/api.php?format=json&redirects=1&action=query&prop=extracts&titles=Elephant&explaintext=1&exsectionformat=wiki "HTTP/1.1 200 OK"
2026-05-25 11:33:02,927 | INFO | ingestion | Text ingestion completed | chunks=2
2026-05-25 11:33:12,490 | WARNING | cold_start | Wikipedia rate limit hit | attempt=1 | waiting=5 sec
2026-05-25 11:33:18,262 | WARNING | cold_start | Wikipedia rate limit hit | attempt=2 | waiting=10 sec
2026-05-25 11:33:28,988 | WARNING | cold_start | Wikipedia rate limit hit | attempt=3 | waiting=15 sec
2026-05-25 11:33:43,989 | WARNING | cold_start | File info failed | title=File:Angry elephant ears.jpg | error=exceptions must derive from BaseException
2026-05-25 11:33:44,790 | WARNING | cold_start | Wikipedia rate limit hit | attempt=1 | waiting=5 sec
2026-05-25 11:33:50,688 | WARNING | cold_start | Wikipedia rate limit hit | attempt=2 | waiting=10 sec
2026-05-25 11:34:07,811 | INFO | ingestion | Media embedding attempt | file=./data/media\d4d0c79edee04bfd8985fd3fb592b168.jpg | attempt=1
2026-05-25 11:34:15,642 | INFO | ingestion | Media description attempt | modality=image | file=./data/media\d4d0c79edee04bfd8985fd3fb592b168.jpg | attempt=1
2026-05-25 11:36:32,605 | INFO | ingestion | Media ingestion completed | modality=image | id=image_2680c8fa643a4e2b9ae0d708402c237d
2026-05-25 11:36:33,672 | INFO | ingestion | Media embedding attempt | file=./data/media\a0ff2e7ac5fa49548762a87a2742c13a.jpg | attempt=1
2026-05-25 11:36:41,327 | INFO | ingestion | Media description attempt | modality=image | file=./data/media\a0ff2e7ac5fa49548762a87a2742c13a.jpg | attempt=1
2026-05-25 11:38:52,301 | INFO | ingestion | Media ingestion completed | modality=image | id=image_b551d4c6b947437a902bfd5ea679ce93
2026-05-25 11:38:52,305 | INFO | cold_start | Cold start ingestion completed | page=Elephant | intent=image | text_items=2 | images_found=17 | audios_found=0 | videos_found=0 | total_new_unique=4
2026-05-25 11:38:52,305 | INFO | main | New unique data ingested from cold start | count=4
2026-05-25 11:38:52,312 | INFO | main | Vector search rerun completed | count=50
2026-05-25 11:38:52,313 | INFO | main | BM25 search rerun completed | count=12
2026-05-25 11:38:52,314 | INFO | main | Hybrid merge rerun completed | total_count=57 | final_filtered_count=2
2026-05-25 11:38:52,314 | INFO | main | Response sent | type=image
2026-05-25 11:39:06,420 | INFO | main | Query received | query=gave me elephant video
2026-05-25 11:39:06,421 | INFO | main | Intent detected | intent=video
2026-05-25 11:39:06,421 | INFO | main | Search top_k selected | intent=video | top_k=50
2026-05-25 11:39:07,027 | INFO | main | Query embedding created
2026-05-25 11:39:07,031 | INFO | main | Vector search completed | count=50
2026-05-25 11:39:07,031 | INFO | main | BM25 search completed | count=12
2026-05-25 11:39:07,032 | INFO | main | Hybrid merge completed | total_count=58 | final_filtered_count=0
2026-05-25 11:39:07,032 | INFO | main | Cold start needed | intent=video | top_score=0.1676715612411499 | filtered_count=0
2026-05-25 11:39:07,032 | INFO | cold_start | Cold start triggered | query=gave me elephant video | intent=video
2026-05-25 11:39:07,032 | INFO | cold_start | Wikipedia search query normalized | original=gave me elephant video | clean=elephant
2026-05-25 11:39:08,122 | INFO | cold_start | Wikipedia best page selected | title=Elephant
2026-05-25 11:39:08,123 | INFO | wikipediaapi._http_client.sync_http_client | Request URL: https://en.wikipedia.org/w/api.php?format=json&redirects=1&action=query&prop=info&titles=Elephant&inprop=protection|talkid|watched|watchers|visitingwatchers|notificationtimestamp|subjectid|url|readable|preload|displaytitle|varianttitles
2026-05-25 11:39:08,677 | INFO | httpx | HTTP Request: GET https://en.wikipedia.org/w/api.php?format=json&redirects=1&action=query&prop=info&titles=Elephant&inprop=protection%7Ctalkid%7Cwatched%7Cwatchers%7Cvisitingwatchers%7Cnotificationtimestamp%7Csubjectid%7Curl%7Creadable%7Cpreload%7Cdisplaytitle%7Cvarianttitles "HTTP/1.1 200 OK"
2026-05-25 11:39:08,678 | INFO | wikipediaapi._http_client.sync_http_client | Request URL: https://en.wikipedia.org/w/api.php?format=json&redirects=1&action=query&prop=extracts&titles=Elephant&explaintext=1&exsectionformat=wiki
2026-05-25 11:39:09,551 | INFO | httpx | HTTP Request: GET https://en.wikipedia.org/w/api.php?format=json&redirects=1&action=query&prop=extracts&titles=Elephant&explaintext=1&exsectionformat=wiki "HTTP/1.1 200 OK"
2026-05-25 11:39:09,670 | INFO | cold_start | Skipping duplicate text content | page=Elephant
2026-05-25 11:39:17,846 | WARNING | cold_start | Wikipedia rate limit hit | attempt=1 | waiting=5 sec
2026-05-25 11:39:23,595 | WARNING | cold_start | Wikipedia rate limit hit | attempt=2 | waiting=10 sec
2026-05-25 11:39:34,369 | WARNING | cold_start | Wikipedia rate limit hit | attempt=3 | waiting=15 sec
2026-05-25 11:39:49,370 | WARNING | cold_start | File info failed | title=File:African elephant warning raised trunk.jpg | error=exceptions must derive from BaseException
2026-05-25 11:39:50,087 | WARNING | cold_start | Wikipedia rate limit hit | attempt=1 | waiting=5 sec
2026-05-25 11:39:55,843 | WARNING | cold_start | Wikipedia rate limit hit | attempt=2 | waiting=10 sec
2026-05-25 11:40:13,623 | INFO | cold_start | Cold start ingestion completed | page=Elephant | intent=video | text_items=0 | images_found=17 | audios_found=0 | videos_found=0 | total_new_unique=0
2026-05-25 11:40:13,624 | INFO | main | Cold start completed but no new unique data found
2026-05-25 11:40:13,631 | INFO | main | Vector search rerun completed | count=50
2026-05-25 11:40:13,632 | INFO | main | BM25 search rerun completed | count=12
2026-05-25 11:40:13,632 | INFO | main | Hybrid merge rerun completed | total_count=58 | final_filtered_count=0
2026-05-25 11:40:13,632 | INFO | main | Response sent | type=video
2026-05-25 11:44:29,866 | INFO | main | Query received | query=gave me elephant infromation
2026-05-25 11:44:29,866 | INFO | main | Intent detected | intent=text
2026-05-25 11:44:29,866 | INFO | main | Search top_k selected | intent=text | top_k=10
2026-05-25 11:44:30,536 | INFO | main | Query embedding created
2026-05-25 11:44:30,539 | INFO | main | Vector search completed | count=10
2026-05-25 11:44:30,541 | INFO | main | BM25 search completed | count=10
2026-05-25 11:44:30,541 | INFO | main | Hybrid merge completed | total_count=19 | final_filtered_count=2
2026-05-25 11:44:30,542 | INFO | main | Cold start skipped | intent=text | top_score=0.401009202003479 | filtered_count=2
2026-05-25 11:44:35,964 | INFO | main | Response sent | type=text
2026-05-25 11:44:59,718 | INFO | main | Query received | query=gave me Tsunami information
2026-05-25 11:44:59,718 | INFO | main | Intent detected | intent=text
2026-05-25 11:44:59,718 | INFO | main | Search top_k selected | intent=text | top_k=10
2026-05-25 11:45:00,299 | INFO | main | Query embedding created
2026-05-25 11:45:00,304 | INFO | main | Vector search completed | count=10
2026-05-25 11:45:00,304 | INFO | main | BM25 search completed | count=10
2026-05-25 11:45:00,305 | INFO | main | Hybrid merge completed | total_count=17 | final_filtered_count=3
2026-05-25 11:45:00,305 | INFO | main | Cold start skipped | intent=text | top_score=0.43547725677490234 | filtered_count=3
2026-05-25 11:45:03,885 | INFO | main | Response sent | type=text
2026-05-25 11:45:13,985 | INFO | main | Query received | query=gave me Tsunami video
2026-05-25 11:45:13,986 | INFO | main | Intent detected | intent=video
2026-05-25 11:45:13,986 | INFO | main | Search top_k selected | intent=video | top_k=50
2026-05-25 11:45:14,450 | INFO | main | Query embedding created
2026-05-25 11:45:14,453 | INFO | main | Vector search completed | count=50
2026-05-25 11:45:14,453 | INFO | main | BM25 search completed | count=12
2026-05-25 11:45:14,453 | INFO | main | Hybrid merge completed | total_count=57 | final_filtered_count=0
2026-05-25 11:45:14,453 | INFO | main | Cold start needed | intent=video | top_score=0.398967981338501 | filtered_count=0
2026-05-25 11:45:14,453 | INFO | cold_start | Cold start triggered | query=gave me Tsunami video | intent=video
2026-05-25 11:45:14,454 | INFO | cold_start | Wikipedia search query normalized | original=gave me Tsunami video | clean=tsunami
2026-05-25 11:45:15,397 | INFO | cold_start | Wikipedia best page selected | title=Tsunami
2026-05-25 11:45:15,397 | INFO | wikipediaapi._http_client.sync_http_client | Request URL: https://en.wikipedia.org/w/api.php?format=json&redirects=1&action=query&prop=info&titles=Tsunami&inprop=protection|talkid|watched|watchers|visitingwatchers|notificationtimestamp|subjectid|url|readable|preload|displaytitle|varianttitles
2026-05-25 11:45:15,957 | INFO | httpx | HTTP Request: GET https://en.wikipedia.org/w/api.php?format=json&redirects=1&action=query&prop=info&titles=Tsunami&inprop=protection%7Ctalkid%7Cwatched%7Cwatchers%7Cvisitingwatchers%7Cnotificationtimestamp%7Csubjectid%7Curl%7Creadable%7Cpreload%7Cdisplaytitle%7Cvarianttitles "HTTP/1.1 200 OK"
2026-05-25 11:45:15,958 | INFO | wikipediaapi._http_client.sync_http_client | Request URL: https://en.wikipedia.org/w/api.php?format=json&redirects=1&action=query&prop=extracts&titles=Tsunami&explaintext=1&exsectionformat=wiki
2026-05-25 11:45:16,551 | INFO | httpx | HTTP Request: GET https://en.wikipedia.org/w/api.php?format=json&redirects=1&action=query&prop=extracts&titles=Tsunami&explaintext=1&exsectionformat=wiki "HTTP/1.1 200 OK"
2026-05-25 11:45:16,553 | INFO | cold_start | Skipping duplicate text content | page=Tsunami
2026-05-25 11:45:23,644 | INFO | cold_start | Cold start ingestion completed | page=Tsunami | intent=video | text_items=0 | images_found=7 | audios_found=0 | videos_found=0 | total_new_unique=0
2026-05-25 11:45:23,644 | INFO | main | Cold start completed but no new unique data found
2026-05-25 11:45:23,651 | INFO | main | Vector search rerun completed | count=50
2026-05-25 11:45:23,651 | INFO | main | BM25 search rerun completed | count=12
2026-05-25 11:45:23,654 | INFO | main | Hybrid merge rerun completed | total_count=57 | final_filtered_count=0
2026-05-25 11:45:23,654 | INFO | main | Response sent | type=video
2026-05-25 11:45:43,683 | INFO | main | Query received | query=gave me Tsunami images
2026-05-25 11:45:43,684 | INFO | main | Intent detected | intent=image
2026-05-25 11:45:43,684 | INFO | main | Search top_k selected | intent=image | top_k=50
2026-05-25 11:45:44,298 | INFO | main | Query embedding created
2026-05-25 11:45:44,306 | INFO | main | Vector search completed | count=50
2026-05-25 11:45:44,306 | INFO | main | BM25 search completed | count=12
2026-05-25 11:45:44,307 | INFO | main | Hybrid merge completed | total_count=57 | final_filtered_count=0
2026-05-25 11:45:44,307 | INFO | main | Cold start needed | intent=image | top_score=0.42757707834243774 | filtered_count=0
2026-05-25 11:45:44,308 | INFO | cold_start | Cold start triggered | query=gave me Tsunami images | intent=image
2026-05-25 11:45:44,308 | INFO | cold_start | Wikipedia search query normalized | original=gave me Tsunami images | clean=tsunami
2026-05-25 11:45:45,239 | INFO | cold_start | Wikipedia best page selected | title=Tsunami
2026-05-25 11:45:45,240 | INFO | wikipediaapi._http_client.sync_http_client | Request URL: https://en.wikipedia.org/w/api.php?format=json&redirects=1&action=query&prop=info&titles=Tsunami&inprop=protection|talkid|watched|watchers|visitingwatchers|notificationtimestamp|subjectid|url|readable|preload|displaytitle|varianttitles
2026-05-25 11:45:45,823 | INFO | httpx | HTTP Request: GET https://en.wikipedia.org/w/api.php?format=json&redirects=1&action=query&prop=info&titles=Tsunami&inprop=protection%7Ctalkid%7Cwatched%7Cwatchers%7Cvisitingwatchers%7Cnotificationtimestamp%7Csubjectid%7Curl%7Creadable%7Cpreload%7Cdisplaytitle%7Cvarianttitles "HTTP/1.1 429 Too Many Requests"
2026-05-25 11:46:00,597 | INFO | httpx | HTTP Request: GET https://en.wikipedia.org/w/api.php?format=json&redirects=1&action=query&prop=info&titles=Tsunami&inprop=protection%7Ctalkid%7Cwatched%7Cwatchers%7Cvisitingwatchers%7Cnotificationtimestamp%7Csubjectid%7Curl%7Creadable%7Cpreload%7Cdisplaytitle%7Cvarianttitles "HTTP/1.1 200 OK"
2026-05-25 11:46:00,598 | INFO | wikipediaapi._http_client.sync_http_client | Request URL: https://en.wikipedia.org/w/api.php?format=json&redirects=1&action=query&prop=extracts&titles=Tsunami&explaintext=1&exsectionformat=wiki
2026-05-25 11:46:01,176 | INFO | httpx | HTTP Request: GET https://en.wikipedia.org/w/api.php?format=json&redirects=1&action=query&prop=extracts&titles=Tsunami&explaintext=1&exsectionformat=wiki "HTTP/1.1 200 OK"
2026-05-25 11:46:01,197 | INFO | cold_start | Skipping duplicate text content | page=Tsunami
2026-05-25 11:46:09,367 | INFO | ingestion | Media embedding attempt | file=./data/media\a6ea35c137004477b9bd2ec2983cc44d.jpg | attempt=1
2026-05-25 11:46:17,900 | INFO | ingestion | Media description attempt | modality=image | file=./data/media\a6ea35c137004477b9bd2ec2983cc44d.jpg | attempt=1
2026-05-25 11:48:34,385 | INFO | ingestion | Media ingestion completed | modality=image | id=image_bb7f180bed6b4ef6a27160b3a49c369f
2026-05-25 11:48:35,629 | INFO | ingestion | Media embedding attempt | file=./data/media\589533b5ffbd4a7c837a2b00de5998a0.jpg | attempt=1
2026-05-25 11:48:45,244 | INFO | ingestion | Media description attempt | modality=image | file=./data/media\589533b5ffbd4a7c837a2b00de5998a0.jpg | attempt=1
2026-05-25 11:51:00,077 | INFO | ingestion | Media ingestion completed | modality=image | id=image_589fedbe423948c0ba3387a4bc4e5ddc
2026-05-25 11:51:00,082 | INFO | cold_start | Cold start ingestion completed | page=Tsunami | intent=image | text_items=0 | images_found=7 | audios_found=0 | videos_found=0 | total_new_unique=2
2026-05-25 11:51:00,082 | INFO | main | New unique data ingested from cold start | count=2
2026-05-25 11:51:00,089 | INFO | main | Vector search rerun completed | count=50
2026-05-25 11:51:00,090 | INFO | main | BM25 search rerun completed | count=14
2026-05-25 11:51:00,090 | INFO | main | Hybrid merge rerun completed | total_count=59 | final_filtered_count=2
2026-05-25 11:51:00,090 | INFO | main | Response sent | type=image
2026-05-25 11:54:11,152 | INFO | main | Query received | query=gave me parrot audio
2026-05-25 11:54:11,153 | INFO | main | Intent detected | intent=audio
2026-05-25 11:54:11,154 | INFO | main | Search top_k selected | intent=audio | top_k=50
2026-05-25 11:54:11,661 | INFO | main | Query embedding created
2026-05-25 11:54:11,669 | INFO | main | Vector search completed | count=50
2026-05-25 11:54:11,670 | INFO | main | BM25 search completed | count=14
2026-05-25 11:54:11,670 | INFO | main | Hybrid merge completed | total_count=58 | final_filtered_count=0
2026-05-25 11:54:11,670 | INFO | main | Cold start needed | intent=audio | top_score=0.17630857229232788 | filtered_count=0
2026-05-25 11:54:11,671 | INFO | cold_start | Cold start triggered | query=gave me parrot audio | intent=audio
2026-05-25 11:54:11,671 | INFO | cold_start | Wikipedia search query normalized | original=gave me parrot audio | clean=parrot
2026-05-25 11:54:12,770 | INFO | cold_start | Wikipedia best page selected | title=Parrot
2026-05-25 11:54:12,772 | INFO | wikipediaapi._http_client.sync_http_client | Request URL: https://en.wikipedia.org/w/api.php?format=json&redirects=1&action=query&prop=info&titles=Parrot&inprop=protection|talkid|watched|watchers|visitingwatchers|notificationtimestamp|subjectid|url|readable|preload|displaytitle|varianttitles
2026-05-25 11:54:13,401 | INFO | httpx | HTTP Request: GET https://en.wikipedia.org/w/api.php?format=json&redirects=1&action=query&prop=info&titles=Parrot&inprop=protection%7Ctalkid%7Cwatched%7Cwatchers%7Cvisitingwatchers%7Cnotificationtimestamp%7Csubjectid%7Curl%7Creadable%7Cpreload%7Cdisplaytitle%7Cvarianttitles "HTTP/1.1 200 OK"
2026-05-25 11:54:13,403 | INFO | wikipediaapi._http_client.sync_http_client | Request URL: https://en.wikipedia.org/w/api.php?format=json&redirects=1&action=query&prop=extracts&titles=Parrot&explaintext=1&exsectionformat=wiki
2026-05-25 11:54:14,258 | INFO | httpx | HTTP Request: GET https://en.wikipedia.org/w/api.php?format=json&redirects=1&action=query&prop=extracts&titles=Parrot&explaintext=1&exsectionformat=wiki "HTTP/1.1 200 OK"
2026-05-25 11:54:14,262 | INFO | cold_start | Skipping duplicate text content | page=Parrot
2026-05-25 11:54:22,421 | WARNING | cold_start | Wikipedia rate limit hit | attempt=1 | waiting=5 sec
2026-05-25 11:54:28,211 | WARNING | cold_start | Wikipedia rate limit hit | attempt=2 | waiting=10 sec
2026-05-25 11:54:38,986 | WARNING | cold_start | Wikipedia rate limit hit | attempt=3 | waiting=15 sec
2026-05-25 11:54:53,987 | WARNING | cold_start | File info failed | title=File:Eclectus roratus-20030511.jpg | error=exceptions must derive from BaseException
2026-05-25 11:54:54,741 | WARNING | cold_start | Wikipedia rate limit hit | attempt=1 | waiting=5 sec
2026-05-25 11:55:08,036 | INFO | ingestion | Media embedding attempt | file=./data/media\2d968f66b49b45019751c2d4e761b03b.mp3 | attempt=1
2026-05-25 11:55:20,152 | INFO | ingestion | Media description attempt | modality=audio | file=./data/media\2d968f66b49b45019751c2d4e761b03b.mp3 | attempt=1
2026-05-25 11:57:42,702 | INFO | ingestion | Media ingestion completed | modality=audio | id=audio_5c2a9aefeb864511a7bccce13b485952
2026-05-25 11:57:42,706 | INFO | cold_start | Cold start ingestion completed | page=Parrot | intent=audio | text_items=0 | images_found=13 | audios_found=1 | videos_found=1 | total_new_unique=1
2026-05-25 11:57:42,706 | INFO | main | New unique data ingested from cold start | count=1
2026-05-25 11:57:42,714 | INFO | main | Vector search rerun completed | count=50
2026-05-25 11:57:42,714 | INFO | main | BM25 search rerun completed | count=15
2026-05-25 11:57:42,715 | INFO | main | Hybrid merge rerun completed | total_count=58 | final_filtered_count=0
2026-05-25 11:57:42,715 | INFO | main | Response sent | type=audio
2026-05-25 12:18:11,542 | INFO | main | Query received | query=gave me dance video
2026-05-25 12:18:11,543 | INFO | main | Intent detected | intent=video
2026-05-25 12:18:11,543 | INFO | main | Search top_k selected | intent=video | top_k=50
2026-05-25 12:18:12,407 | INFO | main | Query embedding created
2026-05-25 12:18:12,506 | INFO | main | Vector search completed | count=50
2026-05-25 12:18:12,510 | INFO | main | BM25 search completed | count=15
2026-05-25 12:18:12,511 | INFO | main | Hybrid merge completed | total_count=60 | final_filtered_count=0
2026-05-25 12:18:12,511 | INFO | main | Cold start needed | intent=video | top_score=0.11482840776443481 | filtered_count=0
2026-05-25 12:18:12,511 | INFO | cold_start | Cold start triggered | query=gave me dance video | intent=video
2026-05-25 12:18:12,512 | INFO | cold_start | Wikipedia search query normalized | original=gave me dance video | clean=dance
2026-05-25 12:18:13,587 | INFO | cold_start | Wikipedia best page selected | title=Dance
2026-05-25 12:18:13,589 | INFO | wikipediaapi._http_client.sync_http_client | Request URL: https://en.wikipedia.org/w/api.php?format=json&redirects=1&action=query&prop=info&titles=Dance&inprop=protection|talkid|watched|watchers|visitingwatchers|notificationtimestamp|subjectid|url|readable|preload|displaytitle|varianttitles
2026-05-25 12:18:14,370 | INFO | httpx | HTTP Request: GET https://en.wikipedia.org/w/api.php?format=json&redirects=1&action=query&prop=info&titles=Dance&inprop=protection%7Ctalkid%7Cwatched%7Cwatchers%7Cvisitingwatchers%7Cnotificationtimestamp%7Csubjectid%7Curl%7Creadable%7Cpreload%7Cdisplaytitle%7Cvarianttitles "HTTP/1.1 200 OK"
2026-05-25 12:18:14,376 | INFO | wikipediaapi._http_client.sync_http_client | Request URL: https://en.wikipedia.org/w/api.php?format=json&redirects=1&action=query&prop=extracts&titles=Dance&explaintext=1&exsectionformat=wiki
2026-05-25 12:18:15,017 | INFO | httpx | HTTP Request: GET https://en.wikipedia.org/w/api.php?format=json&redirects=1&action=query&prop=extracts&titles=Dance&explaintext=1&exsectionformat=wiki "HTTP/1.1 200 OK"
2026-05-25 12:18:15,032 | INFO | cold_start | Skipping duplicate text content | page=Dance
2026-05-25 12:18:27,111 | WARNING | cold_start | Wikipedia rate limit hit | attempt=1 | waiting=5 sec
2026-05-25 12:18:33,273 | WARNING | cold_start | Wikipedia rate limit hit | attempt=2 | waiting=10 sec
2026-05-25 12:18:44,488 | WARNING | cold_start | Wikipedia rate limit hit | attempt=3 | waiting=15 sec
2026-05-25 12:18:59,489 | WARNING | cold_start | File info failed | title=File:Cultural celebrations resumed with the end of the LRA conflict in Northern Uganda (7269658432).jpg | error=exceptions must derive from BaseException
2026-05-25 12:19:06,919 | WARNING | cold_start | video ingestion failed | url=https://upload.wikimedia.org/wikipedia/commons/c/c4/Buffalo_Dance_%281894%29.webm | error=429 Client Error: Too Many Requests (015d12c) for url: https://upload.wikimedia.org/wikipedia/commons/c/c4/Buffalo_Dance_%281894%29.webm
2026-05-25 12:19:07,525 | WARNING | cold_start | video ingestion failed | url=https://upload.wikimedia.org/wikipedia/commons/e/ea/Dela_Says_Yippee_at_YDW_2019.webm | error=429 Client Error: Too Many Requests (015d12c) for url: https://upload.wikimedia.org/wikipedia/commons/e/ea/Dela_Says_Yippee_at_YDW_2019.webm
2026-05-25 12:19:07,528 | INFO | cold_start | Cold start ingestion completed | page=Dance | intent=video | text_items=0 | images_found=14 | audios_found=0 | videos_found=2 | total_new_unique=0
2026-05-25 12:19:07,528 | INFO | main | Cold start completed but no new unique data found
2026-05-25 12:19:07,534 | INFO | main | Vector search rerun completed | count=50
2026-05-25 12:19:07,535 | INFO | main | BM25 search rerun completed | count=15
2026-05-25 12:19:07,536 | INFO | main | Hybrid merge rerun completed | total_count=60 | final_filtered_count=0
2026-05-25 12:19:07,536 | INFO | main | Response sent | type=video
2026-05-25 12:19:28,750 | INFO | main | Query received | query=gave me dance images
2026-05-25 12:19:28,750 | INFO | main | Intent detected | intent=image
2026-05-25 12:19:28,750 | INFO | main | Search top_k selected | intent=image | top_k=50
2026-05-25 12:19:29,303 | INFO | main | Query embedding created
2026-05-25 12:19:29,310 | INFO | main | Vector search completed | count=50
2026-05-25 12:19:29,310 | INFO | main | BM25 search completed | count=15
2026-05-25 12:19:29,311 | INFO | main | Hybrid merge completed | total_count=60 | final_filtered_count=0
2026-05-25 12:19:29,311 | INFO | main | Cold start needed | intent=image | top_score=0.17935144901275635 | filtered_count=0
2026-05-25 12:19:29,311 | INFO | cold_start | Cold start triggered | query=gave me dance images | intent=image
2026-05-25 12:19:29,312 | INFO | cold_start | Wikipedia search query normalized | original=gave me dance images | clean=dance
2026-05-25 12:19:30,271 | INFO | cold_start | Wikipedia best page selected | title=Dance
2026-05-25 12:19:30,272 | INFO | wikipediaapi._http_client.sync_http_client | Request URL: https://en.wikipedia.org/w/api.php?format=json&redirects=1&action=query&prop=info&titles=Dance&inprop=protection|talkid|watched|watchers|visitingwatchers|notificationtimestamp|subjectid|url|readable|preload|displaytitle|varianttitles
2026-05-25 12:19:30,823 | INFO | httpx | HTTP Request: GET https://en.wikipedia.org/w/api.php?format=json&redirects=1&action=query&prop=info&titles=Dance&inprop=protection%7Ctalkid%7Cwatched%7Cwatchers%7Cvisitingwatchers%7Cnotificationtimestamp%7Csubjectid%7Curl%7Creadable%7Cpreload%7Cdisplaytitle%7Cvarianttitles "HTTP/1.1 200 OK"
2026-05-25 12:19:30,824 | INFO | wikipediaapi._http_client.sync_http_client | Request URL: https://en.wikipedia.org/w/api.php?format=json&redirects=1&action=query&prop=extracts&titles=Dance&explaintext=1&exsectionformat=wiki
2026-05-25 12:19:31,502 | INFO | httpx | HTTP Request: GET https://en.wikipedia.org/w/api.php?format=json&redirects=1&action=query&prop=extracts&titles=Dance&explaintext=1&exsectionformat=wiki "HTTP/1.1 200 OK"
2026-05-25 12:19:31,510 | INFO | cold_start | Skipping duplicate text content | page=Dance
2026-05-25 12:19:33,369 | WARNING | cold_start | Wikipedia rate limit hit | attempt=1 | waiting=5 sec
2026-05-25 12:19:39,169 | WARNING | cold_start | Wikipedia rate limit hit | attempt=2 | waiting=10 sec
2026-05-25 12:19:49,944 | WARNING | cold_start | Wikipedia rate limit hit | attempt=3 | waiting=15 sec
2026-05-25 12:20:04,945 | WARNING | cold_start | File info failed | title=File:50 tahun LKB Saraswati, Jakarta.jpg | error=exceptions must derive from BaseException
2026-05-25 12:20:14,527 | WARNING | cold_start | Wikipedia rate limit hit | attempt=1 | waiting=5 sec
2026-05-25 12:20:20,461 | WARNING | cold_start | Wikipedia rate limit hit | attempt=2 | waiting=10 sec
2026-05-25 12:20:31,319 | WARNING | cold_start | Wikipedia rate limit hit | attempt=3 | waiting=15 sec
2026-05-25 12:20:46,321 | WARNING | cold_start | File info failed | title=File:Dancers and musicians on a Sasanian bowl.jpg | error=exceptions must derive from BaseException
2026-05-25 12:20:48,141 | WARNING | cold_start | Wikipedia rate limit hit | attempt=1 | waiting=5 sec
2026-05-25 12:20:53,878 | WARNING | cold_start | Wikipedia rate limit hit | attempt=2 | waiting=10 sec
2026-05-25 12:21:11,167 | INFO | ingestion | Media embedding attempt | file=./data/media\a0073028ee8e46b181a0d151634022ce.jpg | attempt=1
2026-05-25 12:21:34,853 | INFO | ingestion | Media description attempt | modality=image | file=./data/media\a0073028ee8e46b181a0d151634022ce.jpg | attempt=1
2026-05-25 12:24:04,036 | INFO | ingestion | Media ingestion completed | modality=image | id=image_2e3ddcfb9240427788c63ba5dfb2d95f
2026-05-25 12:24:05,711 | INFO | ingestion | Media embedding attempt | file=./data/media\7c78362b84a145389f67ea4617c5e09e.jpeg | attempt=1
2026-05-25 12:24:15,350 | INFO | ingestion | Media description attempt | modality=image | file=./data/media\7c78362b84a145389f67ea4617c5e09e.jpeg | attempt=1
2026-05-25 12:26:33,300 | INFO | ingestion | Media ingestion completed | modality=image | id=image_1f90bbf7ba0f45a4bfa8b75b8a59baef
2026-05-25 12:26:33,309 | INFO | cold_start | Cold start ingestion completed | page=Dance | intent=image | text_items=0 | images_found=13 | audios_found=0 | videos_found=2 | total_new_unique=2
2026-05-25 12:26:33,310 | INFO | main | New unique data ingested from cold start | count=2
2026-05-25 12:26:33,319 | INFO | main | Vector search rerun completed | count=50
2026-05-25 12:26:33,319 | INFO | main | BM25 search rerun completed | count=17
2026-05-25 12:26:33,320 | INFO | main | Hybrid merge rerun completed | total_count=62 | final_filtered_count=2
2026-05-25 12:26:33,321 | INFO | main | Response sent | type=image
2026-05-25 12:43:06,880 | INFO | wikipediaapi._http_client.base_http_client | Wikipedia: language=en, user_agent: multimodal-rag-project/1.0 (Wikipedia-API/0.14.1; https://github.com/martin-majlis/Wikipedia-API/), extract_format=1
2026-05-25 12:43:07,646 | INFO | main | Backend started successfully
2026-05-25 12:43:13,616 | INFO | wikipediaapi._http_client.base_http_client | Wikipedia: language=en, user_agent: multimodal-rag-project/1.0 (Wikipedia-API/0.14.1; https://github.com/martin-majlis/Wikipedia-API/), extract_format=1
2026-05-25 12:43:14,124 | INFO | main | Backend started successfully
2026-05-25 12:43:28,843 | INFO | wikipediaapi._http_client.base_http_client | Wikipedia: language=en, user_agent: multimodal-rag-project/1.0 (Wikipedia-API/0.14.1; https://github.com/martin-majlis/Wikipedia-API/), extract_format=1
2026-05-25 12:43:29,377 | INFO | main | Backend started successfully
2026-05-25 12:44:11,975 | INFO | wikipediaapi._http_client.base_http_client | Wikipedia: language=en, user_agent: multimodal-rag-project/1.0 (Wikipedia-API/0.14.1; https://github.com/martin-majlis/Wikipedia-API/), extract_format=1
2026-05-25 12:44:12,382 | INFO | main | Backend started successfully
2026-05-25 12:44:16,486 | INFO | wikipediaapi._http_client.base_http_client | Wikipedia: language=en, user_agent: multimodal-rag-project/1.0 (Wikipedia-API/0.14.1; https://github.com/martin-majlis/Wikipedia-API/), extract_format=1
2026-05-25 12:44:16,977 | INFO | main | Backend started successfully
2026-05-25 12:44:30,223 | INFO | wikipediaapi._http_client.base_http_client | Wikipedia: language=en, user_agent: multimodal-rag-project/1.0 (Wikipedia-API/0.14.1; https://github.com/martin-majlis/Wikipedia-API/), extract_format=1
2026-05-25 12:44:30,598 | INFO | main | Backend started successfully
2026-05-25 12:44:52,457 | INFO | main | Query received | query=gave me parrot videos
2026-05-25 12:44:52,459 | INFO | main | Intent detected | intent=video
2026-05-25 12:44:52,459 | INFO | main | Search top_k selected | intent=video | top_k=50
2026-05-25 12:44:53,428 | INFO | main | Query embedding created
2026-05-25 12:44:53,542 | INFO | main | Vector search completed | count=50
2026-05-25 12:44:53,544 | INFO | main | BM25 search completed | count=17
2026-05-25 12:44:53,544 | INFO | main | Hybrid merge completed | total_count=61 | final_filtered_count=0
2026-05-25 12:44:53,544 | INFO | main | Cold start needed | intent=video | top_score=0.2228136658668518 | filtered_count=0
2026-05-25 12:44:53,544 | INFO | cold_start | Cold start triggered | query=gave me parrot videos | intent=video
2026-05-25 12:44:53,545 | INFO | cold_start | Wikipedia search query normalized | original=gave me parrot videos | clean=parrot s
2026-05-25 12:44:54,573 | INFO | cold_start | Wikipedia best page selected | title=Parrot
2026-05-25 12:44:54,574 | INFO | wikipediaapi._http_client.sync_http_client | Request URL: https://en.wikipedia.org/w/api.php?format=json&redirects=1&action=query&prop=info&titles=Parrot&inprop=protection|talkid|watched|watchers|visitingwatchers|notificationtimestamp|subjectid|url|readable|preload|displaytitle|varianttitles
2026-05-25 12:44:55,096 | INFO | httpx | HTTP Request: GET https://en.wikipedia.org/w/api.php?format=json&redirects=1&action=query&prop=info&titles=Parrot&inprop=protection%7Ctalkid%7Cwatched%7Cwatchers%7Cvisitingwatchers%7Cnotificationtimestamp%7Csubjectid%7Curl%7Creadable%7Cpreload%7Cdisplaytitle%7Cvarianttitles "HTTP/1.1 429 Too Many Requests"
2026-05-25 12:45:00,507 | INFO | httpx | HTTP Request: GET https://en.wikipedia.org/w/api.php?format=json&redirects=1&action=query&prop=info&titles=Parrot&inprop=protection%7Ctalkid%7Cwatched%7Cwatchers%7Cvisitingwatchers%7Cnotificationtimestamp%7Csubjectid%7Curl%7Creadable%7Cpreload%7Cdisplaytitle%7Cvarianttitles "HTTP/1.1 200 OK"
2026-05-25 12:45:00,509 | INFO | wikipediaapi._http_client.sync_http_client | Request URL: https://en.wikipedia.org/w/api.php?format=json&redirects=1&action=query&prop=extracts&titles=Parrot&explaintext=1&exsectionformat=wiki
2026-05-25 12:45:01,344 | INFO | httpx | HTTP Request: GET https://en.wikipedia.org/w/api.php?format=json&redirects=1&action=query&prop=extracts&titles=Parrot&explaintext=1&exsectionformat=wiki "HTTP/1.1 200 OK"
2026-05-25 12:45:01,391 | INFO | cold_start | Skipping duplicate text content | page=Parrot
2026-05-25 12:45:10,800 | WARNING | cold_start | Wikipedia rate limit hit | attempt=1 | waiting=5 sec
2026-05-25 12:45:16,555 | WARNING | cold_start | Wikipedia rate limit hit | attempt=2 | waiting=10 sec
2026-05-25 12:45:27,467 | WARNING | cold_start | Wikipedia rate limit hit | attempt=3 | waiting=15 sec
2026-05-25 12:45:42,469 | WARNING | cold_start | File info failed | title=File:Eagle 01.svg | error=HTTP request failed after retries
2026-05-25 12:45:43,280 | WARNING | cold_start | Wikipedia rate limit hit | attempt=1 | waiting=5 sec
2026-05-25 12:45:49,115 | WARNING | cold_start | Wikipedia rate limit hit | attempt=2 | waiting=10 sec
2026-05-25 12:46:08,344 | INFO | cold_start | Skipping duplicate media | modality=video | url=https://upload.wikimedia.org/wikipedia/commons/1/1e/Amazon_edited.ogv
2026-05-25 12:46:08,345 | INFO | cold_start | Cold start ingestion completed | page=Parrot | intent=video | text_items=0 | images_found=14 | audios_found=1 | videos_found=1 | total_new_unique=0
2026-05-25 12:46:08,345 | INFO | main | Cold start completed but no new unique data found
2026-05-25 12:46:08,350 | INFO | main | Vector search rerun completed | count=50
2026-05-25 12:46:08,350 | INFO | main | BM25 search rerun completed | count=17
2026-05-25 12:46:08,350 | INFO | main | Hybrid merge rerun completed | total_count=61 | final_filtered_count=0
2026-05-25 12:46:08,351 | INFO | main | Response sent | type=video
2026-05-25 12:48:09,612 | INFO | main | Query received | query=gave me parrot audio
2026-05-25 12:48:09,613 | INFO | main | Intent detected | intent=audio
2026-05-25 12:48:09,613 | INFO | main | Search top_k selected | intent=audio | top_k=50
2026-05-25 12:48:10,290 | INFO | main | Query embedding created
2026-05-25 12:48:10,295 | INFO | main | Vector search completed | count=50
2026-05-25 12:48:10,295 | INFO | main | BM25 search completed | count=17
2026-05-25 12:48:10,295 | INFO | main | Hybrid merge completed | total_count=60 | final_filtered_count=0
2026-05-25 12:48:10,296 | INFO | main | Cold start needed | intent=audio | top_score=0.23444467782974243 | filtered_count=0
2026-05-25 12:48:10,296 | INFO | cold_start | Cold start triggered | query=gave me parrot audio | intent=audio
2026-05-25 12:48:10,296 | INFO | cold_start | Wikipedia search query normalized | original=gave me parrot audio | clean=parrot
2026-05-25 12:48:11,237 | INFO | cold_start | Wikipedia best page selected | title=Parrot
2026-05-25 12:48:11,237 | INFO | wikipediaapi._http_client.sync_http_client | Request URL: https://en.wikipedia.org/w/api.php?format=json&redirects=1&action=query&prop=info&titles=Parrot&inprop=protection|talkid|watched|watchers|visitingwatchers|notificationtimestamp|subjectid|url|readable|preload|displaytitle|varianttitles
2026-05-25 12:48:11,786 | INFO | httpx | HTTP Request: GET https://en.wikipedia.org/w/api.php?format=json&redirects=1&action=query&prop=info&titles=Parrot&inprop=protection%7Ctalkid%7Cwatched%7Cwatchers%7Cvisitingwatchers%7Cnotificationtimestamp%7Csubjectid%7Curl%7Creadable%7Cpreload%7Cdisplaytitle%7Cvarianttitles "HTTP/1.1 200 OK"
2026-05-25 12:48:11,787 | INFO | wikipediaapi._http_client.sync_http_client | Request URL: https://en.wikipedia.org/w/api.php?format=json&redirects=1&action=query&prop=extracts&titles=Parrot&explaintext=1&exsectionformat=wiki
2026-05-25 12:48:12,126 | INFO | httpx | HTTP Request: GET https://en.wikipedia.org/w/api.php?format=json&redirects=1&action=query&prop=extracts&titles=Parrot&explaintext=1&exsectionformat=wiki "HTTP/1.1 200 OK"
2026-05-25 12:48:12,167 | INFO | cold_start | Skipping duplicate text content | page=Parrot
2026-05-25 12:48:20,952 | WARNING | cold_start | Wikipedia rate limit hit | attempt=1 | waiting=5 sec
2026-05-25 12:48:26,785 | WARNING | cold_start | Wikipedia rate limit hit | attempt=2 | waiting=10 sec
2026-05-25 12:48:37,613 | WARNING | cold_start | Wikipedia rate limit hit | attempt=3 | waiting=15 sec
2026-05-25 12:48:52,614 | WARNING | cold_start | File info failed | title=File:Cyrilavis colburnorum FMNH specimen.jpg | error=HTTP request failed after retries
2026-05-25 12:48:53,470 | WARNING | cold_start | Wikipedia rate limit hit | attempt=1 | waiting=5 sec
2026-05-25 12:48:59,270 | WARNING | cold_start | Wikipedia rate limit hit | attempt=2 | waiting=10 sec
2026-05-25 12:49:18,280 | WARNING | cold_start | Wikipedia rate limit hit | attempt=1 | waiting=5 sec
2026-05-25 12:49:24,077 | WARNING | cold_start | Wikipedia rate limit hit | attempt=2 | waiting=10 sec
2026-05-25 12:49:34,896 | WARNING | cold_start | Wikipedia rate limit hit | attempt=3 | waiting=15 sec
2026-05-25 12:49:49,897 | WARNING | cold_start | File info failed | title=File:OOjs UI icon edit-ltr.svg | error=HTTP request failed after retries
2026-05-25 12:49:49,902 | INFO | cold_start | Skipping duplicate media | modality=audio | url=https://upload.wikimedia.org/wikipedia/commons/1/1e/Amazon_edited.ogv
2026-05-25 12:49:49,902 | INFO | cold_start | Cold start ingestion completed | page=Parrot | intent=audio | text_items=0 | images_found=13 | audios_found=1 | videos_found=1 | total_new_unique=0
2026-05-25 12:49:49,902 | INFO | main | Cold start completed but no new unique data found
2026-05-25 12:49:49,907 | INFO | main | Vector search rerun completed | count=50
2026-05-25 12:49:49,907 | INFO | main | BM25 search rerun completed | count=17
2026-05-25 12:49:49,908 | INFO | main | Hybrid merge rerun completed | total_count=60 | final_filtered_count=0
2026-05-25 12:49:49,908 | INFO | main | Response sent | type=audio
2026-05-25 12:51:36,968 | INFO | wikipediaapi._http_client.base_http_client | Wikipedia: language=en, user_agent: multimodal-rag-project/1.0 (Wikipedia-API/0.14.1; https://github.com/martin-majlis/Wikipedia-API/), extract_format=1
2026-05-25 12:51:37,284 | INFO | main | Backend started successfully
2026-05-25 12:51:52,518 | INFO | main | Query received | query=gave me parrot audio
2026-05-25 12:51:52,518 | INFO | main | Intent detected | intent=audio
2026-05-25 12:51:52,519 | INFO | main | Search top_k selected | intent=audio | top_k=50
2026-05-25 12:51:53,349 | INFO | main | Query embedding created
2026-05-25 12:51:53,405 | INFO | main | Vector search completed | count=50
2026-05-25 12:51:53,405 | INFO | main | BM25 search completed | count=17
2026-05-25 12:51:53,406 | INFO | main | Hybrid merge completed | total_count=60 | final_filtered_count=8
2026-05-25 12:51:53,406 | INFO | main | Cold start skipped | intent=audio | top_score=0.23444467782974243 | filtered_count=8
2026-05-25 12:51:53,406 | INFO | main | Response sent | type=audio
2026-05-25 12:52:54,683 | INFO | main | Query received | query=gave me parrot video
2026-05-25 12:52:54,684 | INFO | main | Intent detected | intent=video
2026-05-25 12:52:54,684 | INFO | main | Search top_k selected | intent=video | top_k=50
2026-05-25 12:52:55,200 | INFO | main | Query embedding created
2026-05-25 12:52:55,205 | INFO | main | Vector search completed | count=50
2026-05-25 12:52:55,205 | INFO | main | BM25 search completed | count=17
2026-05-25 12:52:55,205 | INFO | main | Hybrid merge completed | total_count=61 | final_filtered_count=0
2026-05-25 12:52:55,205 | INFO | main | Cold start needed | intent=video | top_score=0.24308347702026367 | filtered_count=0
2026-05-25 12:52:55,205 | INFO | cold_start | Cold start triggered | query=gave me parrot video | intent=video
2026-05-25 12:52:55,205 | INFO | cold_start | Wikipedia search query normalized | original=gave me parrot video | clean=parrot
2026-05-25 12:52:56,144 | INFO | cold_start | Wikipedia best page selected | title=Parrot
2026-05-25 12:52:56,145 | INFO | wikipediaapi._http_client.sync_http_client | Request URL: https://en.wikipedia.org/w/api.php?format=json&redirects=1&action=query&prop=info&titles=Parrot&inprop=protection|talkid|watched|watchers|visitingwatchers|notificationtimestamp|subjectid|url|readable|preload|displaytitle|varianttitles
2026-05-25 12:52:56,621 | INFO | httpx | HTTP Request: GET https://en.wikipedia.org/w/api.php?format=json&redirects=1&action=query&prop=info&titles=Parrot&inprop=protection%7Ctalkid%7Cwatched%7Cwatchers%7Cvisitingwatchers%7Cnotificationtimestamp%7Csubjectid%7Curl%7Creadable%7Cpreload%7Cdisplaytitle%7Cvarianttitles "HTTP/1.1 429 Too Many Requests"
2026-05-25 12:53:01,114 | INFO | httpx | HTTP Request: GET https://en.wikipedia.org/w/api.php?format=json&redirects=1&action=query&prop=info&titles=Parrot&inprop=protection%7Ctalkid%7Cwatched%7Cwatchers%7Cvisitingwatchers%7Cnotificationtimestamp%7Csubjectid%7Curl%7Creadable%7Cpreload%7Cdisplaytitle%7Cvarianttitles "HTTP/1.1 200 OK"
2026-05-25 12:53:01,116 | INFO | wikipediaapi._http_client.sync_http_client | Request URL: https://en.wikipedia.org/w/api.php?format=json&redirects=1&action=query&prop=extracts&titles=Parrot&explaintext=1&exsectionformat=wiki
2026-05-25 12:53:02,057 | INFO | httpx | HTTP Request: GET https://en.wikipedia.org/w/api.php?format=json&redirects=1&action=query&prop=extracts&titles=Parrot&explaintext=1&exsectionformat=wiki "HTTP/1.1 200 OK"
2026-05-25 12:53:03,947 | INFO | ingestion | Text ingestion completed | chunks=3
2026-05-25 12:53:14,927 | WARNING | cold_start | Wikipedia rate limit hit | attempt=1 | waiting=5 sec
2026-05-25 12:53:20,711 | WARNING | cold_start | Wikipedia rate limit hit | attempt=2 | waiting=10 sec
2026-05-25 12:53:31,437 | WARNING | cold_start | Wikipedia rate limit hit | attempt=3 | waiting=15 sec
2026-05-25 12:53:46,439 | WARNING | cold_start | File info failed | title=File:Eagle 01.svg | error=HTTP request failed after retries
2026-05-25 12:53:47,175 | WARNING | cold_start | Wikipedia rate limit hit | attempt=1 | waiting=5 sec
2026-05-25 12:53:52,990 | WARNING | cold_start | Wikipedia rate limit hit | attempt=2 | waiting=10 sec
2026-05-25 12:54:14,972 | INFO | ingestion | Media embedding attempt | file=./data/media\452e6ce110d24f7b9c622ae75ad65b48.ogv | attempt=1
2026-05-25 12:54:31,769 | INFO | ingestion | Media description attempt | modality=video | file=./data/media\452e6ce110d24f7b9c622ae75ad65b48.ogv | attempt=1
2026-05-25 12:57:02,882 | INFO | ingestion | Media ingestion completed | modality=video | id=video_32dd457d6c4c46bba43aa6bf8501aa9f
2026-05-25 12:57:02,888 | INFO | cold_start | Cold start ingestion completed | page=Parrot | intent=video | text_items=3 | images_found=14 | audios_found=1 | videos_found=1 | total_new_unique=4
2026-05-25 12:57:02,888 | INFO | main | New unique data ingested from cold start | count=4
2026-05-25 12:57:02,894 | INFO | main | Vector search rerun completed | count=50
2026-05-25 12:57:02,895 | INFO | main | BM25 search rerun completed | count=21
2026-05-25 12:57:02,895 | INFO | main | Hybrid merge rerun completed | total_count=62 | final_filtered_count=1
2026-05-25 12:57:02,895 | INFO | main | Response sent | type=video
2026-05-25 13:01:33,616 | INFO | wikipediaapi._http_client.base_http_client | Wikipedia: language=en, user_agent: multimodal-rag-project/1.0 (Wikipedia-API/0.14.1; https://github.com/martin-majlis/Wikipedia-API/), extract_format=1
2026-05-25 13:01:34,075 | INFO | main | Backend started successfully
2026-05-25 13:01:50,260 | INFO | wikipediaapi._http_client.base_http_client | Wikipedia: language=en, user_agent: multimodal-rag-project/1.0 (Wikipedia-API/0.14.1; https://github.com/martin-majlis/Wikipedia-API/), extract_format=1
2026-05-25 13:01:50,572 | INFO | main | Backend started successfully
2026-05-25 13:02:08,423 | INFO | wikipediaapi._http_client.base_http_client | Wikipedia: language=en, user_agent: multimodal-rag-project/1.0 (Wikipedia-API/0.14.1; https://github.com/martin-majlis/Wikipedia-API/), extract_format=1
2026-05-25 13:02:08,750 | INFO | main | Backend started successfully
2026-05-25 13:02:28,475 | INFO | main | Query received | query=gave me parrot  information
2026-05-25 13:02:28,475 | INFO | main | Intent detected | intent=text
2026-05-25 13:02:28,476 | INFO | main | Search top_k selected | intent=text | top_k=10
2026-05-25 13:02:29,561 | INFO | main | Query embedding created
2026-05-25 13:02:29,640 | INFO | main | Vector search completed | count=10
2026-05-25 13:02:29,640 | INFO | main | BM25 search completed | count=10
2026-05-25 13:02:29,641 | INFO | main | Hybrid merge completed | total_count=14 | final_filtered_count=6 | top_score=0.4056493639945984 | threshold=0.25
2026-05-25 13:02:29,641 | INFO | main | Cold start skipped | intent=text | top_score=0.4056493639945984 | threshold=0.25 | filtered_count=6
2026-05-25 13:02:34,154 | INFO | main | Response sent | type=text
2026-05-25 13:02:45,883 | INFO | main | Query received | query=gave me parrot images
2026-05-25 13:02:45,884 | INFO | main | Intent detected | intent=image
2026-05-25 13:02:45,885 | INFO | main | Search top_k selected | intent=image | top_k=50
2026-05-25 13:02:46,556 | INFO | main | Query embedding created
2026-05-25 13:02:46,573 | INFO | main | Vector search completed | count=50
2026-05-25 13:02:46,574 | INFO | main | BM25 search completed | count=21
2026-05-25 13:02:46,575 | INFO | main | Hybrid merge completed | total_count=63 | final_filtered_count=0 | top_score=0.2418842315673828 | threshold=0.25
2026-05-25 13:02:46,576 | INFO | main | Cold start needed | intent=image | top_score=0.2418842315673828 | threshold=0.25 | filtered_count=0
2026-05-25 13:02:46,576 | INFO | cold_start | Cold start triggered | query=gave me parrot images | intent=image
2026-05-25 13:02:46,577 | INFO | cold_start | Wikipedia search query normalized | original=gave me parrot images | clean=parrot
2026-05-25 13:02:47,773 | INFO | cold_start | Wikipedia best page selected | title=Parrot
2026-05-25 13:02:47,774 | INFO | wikipediaapi._http_client.sync_http_client | Request URL: https://en.wikipedia.org/w/api.php?format=json&redirects=1&action=query&prop=info&titles=Parrot&inprop=protection|talkid|watched|watchers|visitingwatchers|notificationtimestamp|subjectid|url|readable|preload|displaytitle|varianttitles
2026-05-25 13:02:48,485 | INFO | httpx | HTTP Request: GET https://en.wikipedia.org/w/api.php?format=json&redirects=1&action=query&prop=info&titles=Parrot&inprop=protection%7Ctalkid%7Cwatched%7Cwatchers%7Cvisitingwatchers%7Cnotificationtimestamp%7Csubjectid%7Curl%7Creadable%7Cpreload%7Cdisplaytitle%7Cvarianttitles "HTTP/1.1 429 Too Many Requests"
2026-05-25 13:03:01,183 | INFO | httpx | HTTP Request: GET https://en.wikipedia.org/w/api.php?format=json&redirects=1&action=query&prop=info&titles=Parrot&inprop=protection%7Ctalkid%7Cwatched%7Cwatchers%7Cvisitingwatchers%7Cnotificationtimestamp%7Csubjectid%7Curl%7Creadable%7Cpreload%7Cdisplaytitle%7Cvarianttitles "HTTP/1.1 200 OK"
2026-05-25 13:03:01,185 | INFO | wikipediaapi._http_client.sync_http_client | Request URL: https://en.wikipedia.org/w/api.php?format=json&redirects=1&action=query&prop=extracts&titles=Parrot&explaintext=1&exsectionformat=wiki
2026-05-25 13:03:02,012 | INFO | httpx | HTTP Request: GET https://en.wikipedia.org/w/api.php?format=json&redirects=1&action=query&prop=extracts&titles=Parrot&explaintext=1&exsectionformat=wiki "HTTP/1.1 200 OK"
2026-05-25 13:03:05,742 | INFO | ingestion | Text ingestion completed | chunks=3
2026-05-25 13:03:16,729 | WARNING | cold_start | Wikipedia rate limit hit | attempt=1 | waiting=5 sec
2026-05-25 13:03:22,589 | WARNING | cold_start | Wikipedia rate limit hit | attempt=2 | waiting=10 sec
2026-05-25 13:03:33,749 | WARNING | cold_start | Wikipedia rate limit hit | attempt=3 | waiting=15 sec
2026-05-25 13:03:48,750 | WARNING | cold_start | File info failed | title=File:Eagle 01.svg | error=HTTP request failed after retries
2026-05-25 13:03:49,722 | WARNING | cold_start | Wikipedia rate limit hit | attempt=1 | waiting=5 sec
2026-05-25 13:03:56,993 | WARNING | cold_start | Wikipedia rate limit hit | attempt=2 | waiting=10 sec
2026-05-25 13:04:20,860 | INFO | ingestion | Media embedding attempt | file=./data/media\9b92cadf41cd401394b0af682c5d0057.jpg | attempt=1
2026-05-25 13:04:30,501 | INFO | ingestion | Media description attempt | modality=image | file=./data/media\9b92cadf41cd401394b0af682c5d0057.jpg | attempt=1
2026-05-25 13:06:47,117 | INFO | ingestion | Media ingestion completed | modality=image | id=image_9a3cc8a05d6f4981900f3528b1d6dbb9
2026-05-25 13:06:52,725 | INFO | ingestion | Media embedding attempt | file=./data/media\104f4088ec1b4565aaf4a462789f37d2.jpg | attempt=1
2026-05-25 13:07:04,914 | INFO | ingestion | Media description attempt | modality=image | file=./data/media\104f4088ec1b4565aaf4a462789f37d2.jpg | attempt=1
2026-05-25 13:09:26,149 | INFO | ingestion | Media ingestion completed | modality=image | id=image_66023c2a72724f27a4c3a898e9a60973
2026-05-25 13:09:26,154 | INFO | cold_start | Cold start ingestion completed | page=Parrot | intent=image | text_items=3 | images_found=14 | audios_found=1 | videos_found=1 | total_new_unique=5
2026-05-25 13:09:26,154 | INFO | main | New unique data ingested from cold start | count=5
2026-05-25 13:09:26,164 | INFO | main | Vector search rerun completed | count=50
2026-05-25 13:09:26,165 | INFO | main | BM25 search rerun completed | count=26
2026-05-25 13:09:26,165 | INFO | main | Hybrid merge rerun completed | total_count=65 | final_filtered_count=2
2026-05-25 13:09:26,166 | INFO | main | Response sent | type=image
2026-05-25 13:09:42,817 | INFO | main | Query received | query=gave me parrot audio
2026-05-25 13:09:42,818 | INFO | main | Intent detected | intent=audio
2026-05-25 13:09:42,818 | INFO | main | Search top_k selected | intent=audio | top_k=50
2026-05-25 13:09:43,659 | INFO | main | Query embedding created
2026-05-25 13:09:43,667 | INFO | main | Vector search completed | count=50
2026-05-25 13:09:43,668 | INFO | main | BM25 search completed | count=26
2026-05-25 13:09:43,670 | INFO | main | Hybrid merge completed | total_count=63 | final_filtered_count=0 | top_score=0.23444467782974243 | threshold=0.25
2026-05-25 13:09:43,670 | INFO | main | Cold start needed | intent=audio | top_score=0.23444467782974243 | threshold=0.25 | filtered_count=0
2026-05-25 13:09:43,670 | INFO | cold_start | Cold start triggered | query=gave me parrot audio | intent=audio
2026-05-25 13:09:43,671 | INFO | cold_start | Wikipedia search query normalized | original=gave me parrot audio | clean=parrot
2026-05-25 13:09:45,567 | INFO | cold_start | Wikipedia best page selected | title=Parrot
2026-05-25 13:09:45,567 | INFO | wikipediaapi._http_client.sync_http_client | Request URL: https://en.wikipedia.org/w/api.php?format=json&redirects=1&action=query&prop=info&titles=Parrot&inprop=protection|talkid|watched|watchers|visitingwatchers|notificationtimestamp|subjectid|url|readable|preload|displaytitle|varianttitles
2026-05-25 13:09:46,279 | INFO | httpx | HTTP Request: GET https://en.wikipedia.org/w/api.php?format=json&redirects=1&action=query&prop=info&titles=Parrot&inprop=protection%7Ctalkid%7Cwatched%7Cwatchers%7Cvisitingwatchers%7Cnotificationtimestamp%7Csubjectid%7Curl%7Creadable%7Cpreload%7Cdisplaytitle%7Cvarianttitles "HTTP/1.1 429 Too Many Requests"
2026-05-25 13:10:01,948 | INFO | httpx | HTTP Request: GET https://en.wikipedia.org/w/api.php?format=json&redirects=1&action=query&prop=info&titles=Parrot&inprop=protection%7Ctalkid%7Cwatched%7Cwatchers%7Cvisitingwatchers%7Cnotificationtimestamp%7Csubjectid%7Curl%7Creadable%7Cpreload%7Cdisplaytitle%7Cvarianttitles "HTTP/1.1 200 OK"
2026-05-25 13:10:01,950 | INFO | wikipediaapi._http_client.sync_http_client | Request URL: https://en.wikipedia.org/w/api.php?format=json&redirects=1&action=query&prop=extracts&titles=Parrot&explaintext=1&exsectionformat=wiki
2026-05-25 13:10:02,766 | INFO | httpx | HTTP Request: GET https://en.wikipedia.org/w/api.php?format=json&redirects=1&action=query&prop=extracts&titles=Parrot&explaintext=1&exsectionformat=wiki "HTTP/1.1 200 OK"
2026-05-25 13:10:02,791 | INFO | cold_start | Skipping duplicate text content | page=Parrot
2026-05-25 13:10:16,607 | WARNING | cold_start | Wikipedia rate limit hit | attempt=1 | waiting=5 sec
2026-05-25 13:10:22,534 | WARNING | cold_start | Wikipedia rate limit hit | attempt=2 | waiting=10 sec
2026-05-25 13:10:33,491 | WARNING | cold_start | Wikipedia rate limit hit | attempt=3 | waiting=15 sec
2026-05-25 13:10:48,492 | WARNING | cold_start | File info failed | title=File:Eagle 01.svg | error=HTTP request failed after retries
2026-05-25 13:10:49,565 | WARNING | cold_start | Wikipedia rate limit hit | attempt=1 | waiting=5 sec
2026-05-25 13:10:56,230 | WARNING | cold_start | Wikipedia rate limit hit | attempt=2 | waiting=10 sec
2026-05-25 13:11:19,362 | WARNING | cold_start | audio ingestion failed | url=https://upload.wikimedia.org/wikipedia/commons/1/1e/Amazon_edited.ogv | error=429 Client Error: Too Many Requests (015d12c) for url: https://upload.wikimedia.org/wikipedia/commons/1/1e/Amazon_edited.ogv
2026-05-25 13:11:19,365 | INFO | cold_start | Cold start ingestion completed | page=Parrot | intent=audio | text_items=0 | images_found=14 | audios_found=1 | videos_found=1 | total_new_unique=0
2026-05-25 13:11:19,366 | INFO | main | Cold start completed but no new unique data found
2026-05-25 13:11:19,377 | INFO | main | Vector search rerun completed | count=50
2026-05-25 13:11:19,379 | INFO | main | BM25 search rerun completed | count=26
2026-05-25 13:11:19,380 | INFO | main | Hybrid merge rerun completed | total_count=63 | final_filtered_count=0
2026-05-25 13:11:19,380 | INFO | main | Response sent | type=audio
2026-05-25 13:22:05,589 | INFO | main | Query received | query=gave me parrot audio
2026-05-25 13:22:05,590 | INFO | main | Intent detected | intent=audio
2026-05-25 13:22:05,591 | INFO | main | Search top_k selected | intent=audio | top_k=50
2026-05-25 13:22:06,652 | INFO | main | Query embedding created
2026-05-25 13:22:06,661 | INFO | main | Vector search completed | count=50
2026-05-25 13:22:06,662 | INFO | main | BM25 search completed | count=26
2026-05-25 13:22:06,663 | INFO | main | Hybrid merge completed | total_count=63 | final_filtered_count=0 | top_score=0.23444467782974243 | threshold=0.25
2026-05-25 13:22:06,664 | INFO | main | Cold start needed | intent=audio | top_score=0.23444467782974243 | threshold=0.25 | filtered_count=0
2026-05-25 13:22:06,664 | INFO | cold_start | Cold start triggered | query=gave me parrot audio | intent=audio
2026-05-25 13:22:06,665 | INFO | cold_start | Wikipedia search query normalized | original=gave me parrot audio | clean=parrot
2026-05-25 13:22:07,767 | INFO | cold_start | Wikipedia best page selected | title=Parrot
2026-05-25 13:22:07,768 | INFO | wikipediaapi._http_client.sync_http_client | Request URL: https://en.wikipedia.org/w/api.php?format=json&redirects=1&action=query&prop=info&titles=Parrot&inprop=protection|talkid|watched|watchers|visitingwatchers|notificationtimestamp|subjectid|url|readable|preload|displaytitle|varianttitles
2026-05-25 13:22:08,483 | INFO | httpx | HTTP Request: GET https://en.wikipedia.org/w/api.php?format=json&redirects=1&action=query&prop=info&titles=Parrot&inprop=protection%7Ctalkid%7Cwatched%7Cwatchers%7Cvisitingwatchers%7Cnotificationtimestamp%7Csubjectid%7Curl%7Creadable%7Cpreload%7Cdisplaytitle%7Cvarianttitles "HTTP/1.1 200 OK"
2026-05-25 13:22:08,483 | INFO | wikipediaapi._http_client.sync_http_client | Request URL: https://en.wikipedia.org/w/api.php?format=json&redirects=1&action=query&prop=extracts&titles=Parrot&explaintext=1&exsectionformat=wiki
2026-05-25 13:22:09,399 | INFO | httpx | HTTP Request: GET https://en.wikipedia.org/w/api.php?format=json&redirects=1&action=query&prop=extracts&titles=Parrot&explaintext=1&exsectionformat=wiki "HTTP/1.1 200 OK"
2026-05-25 13:22:09,504 | INFO | cold_start | Skipping duplicate text content | page=Parrot
2026-05-25 13:22:20,843 | WARNING | cold_start | Wikipedia rate limit hit | attempt=1 | waiting=5 sec
2026-05-25 13:22:26,815 | WARNING | cold_start | Wikipedia rate limit hit | attempt=2 | waiting=10 sec
2026-05-25 13:22:38,384 | WARNING | cold_start | Wikipedia rate limit hit | attempt=3 | waiting=15 sec
2026-05-25 13:22:53,385 | WARNING | cold_start | File info failed | title=File:Cyrilavis colburnorum FMNH specimen.jpg | error=HTTP request failed after retries
2026-05-25 13:22:54,254 | WARNING | cold_start | Wikipedia rate limit hit | attempt=1 | waiting=5 sec
2026-05-25 13:23:10,842 | WARNING | cold_start | Wikipedia rate limit hit | attempt=1 | waiting=5 sec
2026-05-25 13:23:16,682 | WARNING | cold_start | Wikipedia rate limit hit | attempt=2 | waiting=10 sec
2026-05-25 13:23:27,638 | WARNING | cold_start | Wikipedia rate limit hit | attempt=3 | waiting=15 sec
2026-05-25 13:23:42,639 | WARNING | cold_start | File info failed | title=File:OOjs UI icon edit-ltr.svg | error=HTTP request failed after retries
2026-05-25 13:23:43,509 | WARNING | cold_start | audio ingestion failed | url=https://upload.wikimedia.org/wikipedia/commons/1/1e/Amazon_edited.ogv | error=429 Client Error: Too Many Requests (015d12c) for url: https://upload.wikimedia.org/wikipedia/commons/1/1e/Amazon_edited.ogv
2026-05-25 13:23:43,513 | INFO | cold_start | Cold start ingestion completed | page=Parrot | intent=audio | text_items=0 | images_found=13 | audios_found=1 | videos_found=1 | total_new_unique=0
2026-05-25 13:23:43,514 | INFO | main | Cold start completed but no new unique data found
2026-05-25 13:23:43,543 | INFO | main | Vector search rerun completed | count=50
2026-05-25 13:23:43,544 | INFO | main | BM25 search rerun completed | count=26
2026-05-25 13:23:43,545 | INFO | main | Hybrid merge rerun completed | total_count=63 | final_filtered_count=0
2026-05-25 13:23:43,545 | INFO | main | Response sent | type=audio
2026-05-25 13:26:36,500 | INFO | wikipediaapi._http_client.base_http_client | Wikipedia: language=en, user_agent: multimodal-rag-project/1.0 (Wikipedia-API/0.14.1; https://github.com/martin-majlis/Wikipedia-API/), extract_format=1
2026-05-25 13:26:37,116 | INFO | main | Backend started successfully
2026-05-25 13:26:50,362 | INFO | main | Query received | query=gave me parrot audio
2026-05-25 13:26:50,362 | INFO | main | Intent detected | intent=audio
2026-05-25 13:26:50,363 | INFO | main | Search top_k selected | intent=audio | top_k=50
2026-05-25 13:26:51,429 | INFO | main | Query embedding created
2026-05-25 13:26:51,588 | INFO | main | Vector search completed | count=50
2026-05-25 13:26:51,590 | INFO | main | BM25 search completed | count=26
2026-05-25 13:26:51,591 | INFO | main | Hybrid merge completed | total_count=63 | final_filtered_count=0 | top_score=0.23444467782974243 | threshold=0.22
2026-05-25 13:26:51,591 | INFO | main | Cold start needed | intent=audio | top_score=0.23444467782974243 | threshold=0.22 | filtered_count=0
2026-05-25 13:26:51,592 | INFO | cold_start | Cold start triggered | query=gave me parrot audio | intent=audio
2026-05-25 13:26:51,592 | INFO | cold_start | Wikipedia search query normalized | original=gave me parrot audio | clean=parrot
2026-05-25 13:26:53,062 | INFO | cold_start | Wikipedia best page selected | title=Parrot
2026-05-25 13:26:53,062 | INFO | wikipediaapi._http_client.sync_http_client | Request URL: https://en.wikipedia.org/w/api.php?format=json&redirects=1&action=query&prop=info&titles=Parrot&inprop=protection|talkid|watched|watchers|visitingwatchers|notificationtimestamp|subjectid|url|readable|preload|displaytitle|varianttitles
2026-05-25 13:26:53,563 | INFO | httpx | HTTP Request: GET https://en.wikipedia.org/w/api.php?format=json&redirects=1&action=query&prop=info&titles=Parrot&inprop=protection%7Ctalkid%7Cwatched%7Cwatchers%7Cvisitingwatchers%7Cnotificationtimestamp%7Csubjectid%7Curl%7Creadable%7Cpreload%7Cdisplaytitle%7Cvarianttitles "HTTP/1.1 429 Too Many Requests"
2026-05-25 13:27:01,249 | INFO | httpx | HTTP Request: GET https://en.wikipedia.org/w/api.php?format=json&redirects=1&action=query&prop=info&titles=Parrot&inprop=protection%7Ctalkid%7Cwatched%7Cwatchers%7Cvisitingwatchers%7Cnotificationtimestamp%7Csubjectid%7Curl%7Creadable%7Cpreload%7Cdisplaytitle%7Cvarianttitles "HTTP/1.1 200 OK"
2026-05-25 13:27:01,251 | INFO | wikipediaapi._http_client.sync_http_client | Request URL: https://en.wikipedia.org/w/api.php?format=json&redirects=1&action=query&prop=extracts&titles=Parrot&explaintext=1&exsectionformat=wiki
2026-05-25 13:27:02,035 | INFO | httpx | HTTP Request: GET https://en.wikipedia.org/w/api.php?format=json&redirects=1&action=query&prop=extracts&titles=Parrot&explaintext=1&exsectionformat=wiki "HTTP/1.1 200 OK"
2026-05-25 13:27:02,079 | INFO | cold_start | Skipping duplicate text content | page=Parrot
2026-05-25 13:27:12,113 | WARNING | cold_start | Wikipedia rate limit hit | attempt=1 | waiting=5 sec
2026-05-25 13:27:17,861 | WARNING | cold_start | Wikipedia rate limit hit | attempt=2 | waiting=10 sec
2026-05-25 13:27:28,683 | WARNING | cold_start | Wikipedia rate limit hit | attempt=3 | waiting=15 sec
2026-05-25 13:27:43,684 | WARNING | cold_start | File info failed | title=File:Eagle 01.svg | error=HTTP request failed after retries
2026-05-25 13:27:44,410 | WARNING | cold_start | Wikipedia rate limit hit | attempt=1 | waiting=5 sec
2026-05-25 13:27:50,163 | WARNING | cold_start | Wikipedia rate limit hit | attempt=2 | waiting=10 sec
2026-05-25 13:28:12,788 | INFO | ingestion | Media embedding attempt | file=./data/media\4b6ac038c4c74326a00cccf65d35f681.mp3 | attempt=1
2026-05-25 13:28:23,787 | INFO | ingestion | Media description attempt | modality=audio | file=./data/media\4b6ac038c4c74326a00cccf65d35f681.mp3 | attempt=1
2026-05-25 14:13:04,520 | INFO | wikipediaapi._http_client.base_http_client | Wikipedia: language=en, user_agent: multimodal-rag-project/1.0 (Wikipedia-API/0.14.1; https://github.com/martin-majlis/Wikipedia-API/), extract_format=1
2026-05-25 14:13:05,185 | INFO | main | Backend started successfully
2026-05-25 14:16:06,117 | INFO | main | Query received | query=gave me tiger information
2026-05-25 14:16:06,118 | INFO | main | Intent detected | intent=text
2026-05-25 14:16:06,118 | INFO | main | Search top_k selected | intent=text | top_k=10
2026-05-25 14:16:07,835 | INFO | main | Query embedding created
2026-05-25 14:16:08,003 | INFO | main | Vector search completed | count=10
2026-05-25 14:16:08,005 | INFO | main | BM25 search completed | count=10
2026-05-25 14:16:08,007 | INFO | main | Hybrid merge completed | total_count=20 | final_filtered_count=10 | top_score=0.35635316371917725 | threshold=0.22
2026-05-25 14:16:08,007 | INFO | main | Cold start skipped | intent=text | top_score=0.35635316371917725 | threshold=0.22 | filtered_count=10
2026-05-25 14:16:15,185 | INFO | main | Response sent | type=text
2026-05-25 14:16:46,834 | INFO | main | Query received | query=gave me tiger image
2026-05-25 14:16:46,834 | INFO | main | Intent detected | intent=image
2026-05-25 14:16:46,836 | INFO | main | Search top_k selected | intent=image | top_k=50
2026-05-25 14:16:47,444 | INFO | main | Query embedding created
2026-05-25 14:16:47,451 | INFO | main | Vector search completed | count=50
2026-05-25 14:16:47,451 | INFO | main | BM25 search completed | count=26
2026-05-25 14:16:47,452 | INFO | main | Hybrid merge completed | total_count=67 | final_filtered_count=0 | top_score=0.18515753746032715 | threshold=0.22
2026-05-25 14:16:47,452 | INFO | main | Cold start needed | intent=image | top_score=0.18515753746032715 | threshold=0.22 | filtered_count=0
2026-05-25 14:16:47,452 | INFO | cold_start | Cold start triggered | query=gave me tiger image | intent=image
2026-05-25 14:16:47,453 | INFO | cold_start | Wikipedia search query normalized | original=gave me tiger image | clean=tiger
2026-05-25 14:16:48,780 | INFO | cold_start | Wikipedia best page selected | title=Tiger
2026-05-25 14:16:48,781 | INFO | wikipediaapi._http_client.sync_http_client | Request URL: https://en.wikipedia.org/w/api.php?format=json&redirects=1&action=query&prop=info&titles=Tiger&inprop=protection|talkid|watched|watchers|visitingwatchers|notificationtimestamp|subjectid|url|readable|preload|displaytitle|varianttitles
2026-05-25 14:16:49,391 | INFO | httpx | HTTP Request: GET https://en.wikipedia.org/w/api.php?format=json&redirects=1&action=query&prop=info&titles=Tiger&inprop=protection%7Ctalkid%7Cwatched%7Cwatchers%7Cvisitingwatchers%7Cnotificationtimestamp%7Csubjectid%7Curl%7Creadable%7Cpreload%7Cdisplaytitle%7Cvarianttitles "HTTP/1.1 200 OK"
2026-05-25 14:16:49,393 | INFO | wikipediaapi._http_client.sync_http_client | Request URL: https://en.wikipedia.org/w/api.php?format=json&redirects=1&action=query&prop=extracts&titles=Tiger&explaintext=1&exsectionformat=wiki
2026-05-25 14:16:50,195 | INFO | httpx | HTTP Request: GET https://en.wikipedia.org/w/api.php?format=json&redirects=1&action=query&prop=extracts&titles=Tiger&explaintext=1&exsectionformat=wiki "HTTP/1.1 200 OK"
2026-05-25 14:16:51,788 | INFO | ingestion | Text ingestion completed | chunks=2
2026-05-25 14:17:09,319 | WARNING | cold_start | Wikipedia rate limit hit | attempt=1 | waiting=5 sec
2026-05-25 14:17:15,385 | WARNING | cold_start | Wikipedia rate limit hit | attempt=2 | waiting=10 sec
2026-05-25 14:17:26,649 | WARNING | cold_start | Wikipedia rate limit hit | attempt=3 | waiting=15 sec
2026-05-25 14:17:41,651 | WARNING | cold_start | File info failed | title=File:Durga Mahisasuramardini.JPG | error=HTTP request failed after retries
2026-05-25 14:17:42,623 | WARNING | cold_start | Wikipedia rate limit hit | attempt=1 | waiting=5 sec
2026-05-25 14:17:48,849 | WARNING | cold_start | Wikipedia rate limit hit | attempt=2 | waiting=10 sec
2026-05-25 14:18:05,903 | INFO | ingestion | Media embedding attempt | file=./data/media\b1bb40ad0c204ecc89e7a9d0e22a3cf0.jpg | attempt=1
2026-05-25 14:18:17,976 | INFO | ingestion | Media description attempt | modality=image | file=./data/media\b1bb40ad0c204ecc89e7a9d0e22a3cf0.jpg | attempt=1
2026-05-25 14:20:34,693 | INFO | ingestion | Media ingestion completed | modality=image | id=image_86fb4fee5efd4dd4a77cf58a2243cd21
2026-05-25 14:20:41,845 | INFO | ingestion | Media embedding attempt | file=./data/media\f0dd4814f961495c81971b38cf8f5776.jpg | attempt=1
2026-05-25 14:20:59,715 | INFO | ingestion | Media description attempt | modality=image | file=./data/media\f0dd4814f961495c81971b38cf8f5776.jpg | attempt=1
2026-05-25 14:23:18,745 | INFO | ingestion | Media ingestion completed | modality=image | id=image_ac339e522ddf46269118a8190b055fe4
2026-05-25 14:23:18,757 | INFO | cold_start | Cold start ingestion completed | page=Tiger | intent=image | text_items=2 | images_found=13 | audios_found=1 | videos_found=0 | total_new_unique=4
2026-05-25 14:23:18,758 | INFO | main | New unique data ingested from cold start | count=4
2026-05-25 14:23:18,765 | INFO | main | Vector search rerun completed | count=50
2026-05-25 14:23:18,766 | INFO | main | BM25 search rerun completed | count=30
2026-05-25 14:23:18,766 | INFO | main | Hybrid merge rerun completed | total_count=69 | final_filtered_count=2
2026-05-25 14:23:18,767 | INFO | main | Response sent | type=image
2026-05-25 14:28:42,010 | INFO | main | Query received | query=gave me tiger audio
2026-05-25 14:28:42,011 | INFO | main | Intent detected | intent=audio
2026-05-25 14:28:42,011 | INFO | main | Search top_k selected | intent=audio | top_k=50
2026-05-25 14:28:42,924 | INFO | main | Query embedding created
2026-05-25 14:28:42,932 | INFO | main | Vector search completed | count=50
2026-05-25 14:28:42,933 | INFO | main | BM25 search completed | count=30
2026-05-25 14:28:42,933 | INFO | main | Hybrid merge completed | total_count=69 | final_filtered_count=7 | top_score=0.13772928714752197 | threshold=0.22
2026-05-25 14:28:42,934 | INFO | main | Cold start needed | intent=audio | top_score=0.13772928714752197 | threshold=0.22 | filtered_count=7
2026-05-25 14:28:42,934 | INFO | cold_start | Cold start triggered | query=gave me tiger audio | intent=audio
2026-05-25 14:28:42,934 | INFO | cold_start | Wikipedia search query normalized | original=gave me tiger audio | clean=tiger
2026-05-25 14:28:44,140 | INFO | cold_start | Wikipedia best page selected | title=Tiger
2026-05-25 14:28:44,142 | INFO | wikipediaapi._http_client.sync_http_client | Request URL: https://en.wikipedia.org/w/api.php?format=json&redirects=1&action=query&prop=info&titles=Tiger&inprop=protection|talkid|watched|watchers|visitingwatchers|notificationtimestamp|subjectid|url|readable|preload|displaytitle|varianttitles
2026-05-25 14:28:44,848 | INFO | httpx | HTTP Request: GET https://en.wikipedia.org/w/api.php?format=json&redirects=1&action=query&prop=info&titles=Tiger&inprop=protection%7Ctalkid%7Cwatched%7Cwatchers%7Cvisitingwatchers%7Cnotificationtimestamp%7Csubjectid%7Curl%7Creadable%7Cpreload%7Cdisplaytitle%7Cvarianttitles "HTTP/1.1 200 OK"
2026-05-25 14:28:44,851 | INFO | wikipediaapi._http_client.sync_http_client | Request URL: https://en.wikipedia.org/w/api.php?format=json&redirects=1&action=query&prop=extracts&titles=Tiger&explaintext=1&exsectionformat=wiki
2026-05-25 14:28:45,661 | INFO | httpx | HTTP Request: GET https://en.wikipedia.org/w/api.php?format=json&redirects=1&action=query&prop=extracts&titles=Tiger&explaintext=1&exsectionformat=wiki "HTTP/1.1 200 OK"
2026-05-25 14:28:45,671 | INFO | cold_start | Skipping duplicate text content | page=Tiger
2026-05-25 14:28:58,841 | WARNING | cold_start | Wikipedia rate limit hit | attempt=1 | waiting=5 sec
2026-05-25 14:29:15,877 | WARNING | cold_start | Wikipedia rate limit hit | attempt=1 | waiting=5 sec
2026-05-25 14:29:21,829 | WARNING | cold_start | Wikipedia rate limit hit | attempt=2 | waiting=10 sec
2026-05-25 14:29:32,877 | WARNING | cold_start | Wikipedia rate limit hit | attempt=3 | waiting=15 sec
2026-05-25 14:29:47,877 | WARNING | cold_start | File info failed | title=File:Flag of Bhutan.svg | error=HTTP request failed after retries
2026-05-25 14:29:48,849 | WARNING | cold_start | Wikipedia rate limit hit | attempt=1 | waiting=5 sec
2026-05-25 14:29:54,892 | WARNING | cold_start | Wikipedia rate limit hit | attempt=2 | waiting=10 sec
2026-05-25 14:30:09,226 | INFO | ingestion | Media embedding attempt | file=./data/media\f94a1e58685a4e8f84b1a05085ed0949.wav | attempt=1
2026-05-25 14:30:30,854 | INFO | ingestion | Media description attempt | modality=audio | file=./data/media\f94a1e58685a4e8f84b1a05085ed0949.wav | attempt=1
2026-05-25 14:33:07,123 | INFO | ingestion | Media ingestion completed | modality=audio | id=audio_155c2df7a87f443e824ea8e6e26e8950
2026-05-25 14:33:07,131 | INFO | cold_start | Cold start ingestion completed | page=Tiger | intent=audio | text_items=0 | images_found=14 | audios_found=1 | videos_found=0 | total_new_unique=1
2026-05-25 14:33:07,131 | INFO | main | New unique data ingested from cold start | count=1
2026-05-25 14:33:07,140 | INFO | main | Vector search rerun completed | count=50
2026-05-25 14:33:07,141 | INFO | main | BM25 search rerun completed | count=31
2026-05-25 14:33:07,142 | INFO | main | Hybrid merge rerun completed | total_count=69 | final_filtered_count=8
2026-05-25 14:33:07,142 | INFO | main | Response sent | type=audio
2026-05-25 14:35:44,198 | INFO | main | Query received | query=gave me black hole video
2026-05-25 14:35:44,198 | INFO | main | Intent detected | intent=video
2026-05-25 14:35:44,198 | INFO | main | Search top_k selected | intent=video | top_k=50
2026-05-25 14:35:44,920 | INFO | main | Query embedding created
2026-05-25 14:35:44,942 | INFO | main | Vector search completed | count=50
2026-05-25 14:35:44,943 | INFO | main | BM25 search completed | count=31
2026-05-25 14:35:44,943 | INFO | main | Hybrid merge completed | total_count=70 | final_filtered_count=0 | top_score=0.2740074396133423 | threshold=0.22
2026-05-25 14:35:44,944 | INFO | main | Cold start needed | intent=video | top_score=0.2740074396133423 | threshold=0.22 | filtered_count=0
2026-05-25 14:35:44,944 | INFO | cold_start | Cold start triggered | query=gave me black hole video | intent=video
2026-05-25 14:35:44,944 | INFO | cold_start | Wikipedia search query normalized | original=gave me black hole video | clean=black hole
2026-05-25 14:35:46,104 | INFO | cold_start | Wikipedia best page selected | title=Black hole
2026-05-25 14:35:46,104 | INFO | wikipediaapi._http_client.sync_http_client | Request URL: https://en.wikipedia.org/w/api.php?format=json&redirects=1&action=query&prop=info&titles=Black hole&inprop=protection|talkid|watched|watchers|visitingwatchers|notificationtimestamp|subjectid|url|readable|preload|displaytitle|varianttitles
2026-05-25 14:35:46,640 | INFO | httpx | HTTP Request: GET https://en.wikipedia.org/w/api.php?format=json&redirects=1&action=query&prop=info&titles=Black+hole&inprop=protection%7Ctalkid%7Cwatched%7Cwatchers%7Cvisitingwatchers%7Cnotificationtimestamp%7Csubjectid%7Curl%7Creadable%7Cpreload%7Cdisplaytitle%7Cvarianttitles "HTTP/1.1 429 Too Many Requests"
2026-05-25 14:36:00,616 | INFO | httpx | HTTP Request: GET https://en.wikipedia.org/w/api.php?format=json&redirects=1&action=query&prop=info&titles=Black+hole&inprop=protection%7Ctalkid%7Cwatched%7Cwatchers%7Cvisitingwatchers%7Cnotificationtimestamp%7Csubjectid%7Curl%7Creadable%7Cpreload%7Cdisplaytitle%7Cvarianttitles "HTTP/1.1 200 OK"
2026-05-25 14:36:00,618 | INFO | wikipediaapi._http_client.sync_http_client | Request URL: https://en.wikipedia.org/w/api.php?format=json&redirects=1&action=query&prop=extracts&titles=Black hole&explaintext=1&exsectionformat=wiki
2026-05-25 14:36:01,386 | INFO | httpx | HTTP Request: GET https://en.wikipedia.org/w/api.php?format=json&redirects=1&action=query&prop=extracts&titles=Black+hole&explaintext=1&exsectionformat=wiki "HTTP/1.1 200 OK"
2026-05-25 14:36:02,777 | INFO | ingestion | Text ingestion completed | chunks=2
2026-05-25 14:36:13,675 | WARNING | cold_start | Wikipedia rate limit hit | attempt=1 | waiting=5 sec
2026-05-25 14:36:19,614 | WARNING | cold_start | Wikipedia rate limit hit | attempt=2 | waiting=10 sec
2026-05-25 14:36:30,454 | WARNING | cold_start | Wikipedia rate limit hit | attempt=3 | waiting=15 sec
2026-05-25 14:36:45,455 | WARNING | cold_start | File info failed | title=File:Bekenstein-Hawking entropy of a black hole.svg | error=HTTP request failed after retries
2026-05-25 14:36:46,444 | WARNING | cold_start | Wikipedia rate limit hit | attempt=1 | waiting=5 sec
2026-05-25 14:36:52,692 | WARNING | cold_start | Wikipedia rate limit hit | attempt=2 | waiting=10 sec
2026-05-25 14:37:16,891 | INFO | ingestion | Media embedding attempt | file=./data/media\3b1066c128bc4b60945a5275a7279616.webm | attempt=1
2026-05-25 14:38:04,890 | INFO | ingestion | Media description attempt | modality=video | file=./data/media\3b1066c128bc4b60945a5275a7279616.webm | attempt=1
2026-05-25 14:40:58,700 | INFO | ingestion | Media ingestion completed | modality=video | id=video_86b7b26887624ae992677d30cdc3ceb9
2026-05-25 14:40:58,710 | INFO | cold_start | Cold start ingestion completed | page=Black hole | intent=video | text_items=2 | images_found=8 | audios_found=2 | videos_found=1 | total_new_unique=3
2026-05-25 14:40:58,710 | INFO | main | New unique data ingested from cold start | count=3
2026-05-25 14:40:58,716 | INFO | main | Vector search rerun completed | count=50
2026-05-25 14:40:58,717 | INFO | main | BM25 search rerun completed | count=34
2026-05-25 14:40:58,718 | INFO | main | Hybrid merge rerun completed | total_count=72 | final_filtered_count=1
2026-05-25 14:40:58,718 | INFO | main | Response sent | type=video
2026-05-25 14:41:17,268 | INFO | main | Query received | query=gave me black hole video
2026-05-25 14:41:17,269 | INFO | main | Intent detected | intent=video
2026-05-25 14:41:17,269 | INFO | main | Search top_k selected | intent=video | top_k=50
2026-05-25 14:41:17,822 | INFO | main | Query embedding created
2026-05-25 14:41:17,829 | INFO | main | Vector search completed | count=50
2026-05-25 14:41:17,830 | INFO | main | BM25 search completed | count=34
2026-05-25 14:41:17,831 | INFO | main | Hybrid merge completed | total_count=72 | final_filtered_count=1 | top_score=0.2740074396133423 | threshold=0.22
2026-05-25 14:41:17,831 | INFO | main | Cold start skipped | intent=video | top_score=0.2740074396133423 | threshold=0.22 | filtered_count=1
2026-05-25 14:41:17,831 | INFO | main | Response sent | type=video
2026-05-25 14:41:35,003 | INFO | main | Query received | query=gave me tiger images
2026-05-25 14:41:35,004 | INFO | main | Intent detected | intent=image
2026-05-25 14:41:35,004 | INFO | main | Search top_k selected | intent=image | top_k=50
2026-05-25 14:41:35,526 | INFO | main | Query embedding created
2026-05-25 14:41:35,531 | INFO | main | Vector search completed | count=50
2026-05-25 14:41:35,531 | INFO | main | BM25 search completed | count=34
2026-05-25 14:41:35,532 | INFO | main | Hybrid merge completed | total_count=71 | final_filtered_count=2 | top_score=0.2000439167022705 | threshold=0.22
2026-05-25 14:41:35,532 | INFO | main | Cold start needed | intent=image | top_score=0.2000439167022705 | threshold=0.22 | filtered_count=2
2026-05-25 14:41:35,532 | INFO | cold_start | Cold start triggered | query=gave me tiger images | intent=image
2026-05-25 14:41:35,532 | INFO | cold_start | Wikipedia search query normalized | original=gave me tiger images | clean=tiger
2026-05-25 14:41:37,054 | INFO | cold_start | Wikipedia best page selected | title=Tiger
2026-05-25 14:41:37,054 | INFO | wikipediaapi._http_client.sync_http_client | Request URL: https://en.wikipedia.org/w/api.php?format=json&redirects=1&action=query&prop=info&titles=Tiger&inprop=protection|talkid|watched|watchers|visitingwatchers|notificationtimestamp|subjectid|url|readable|preload|displaytitle|varianttitles
2026-05-25 14:41:37,593 | INFO | httpx | HTTP Request: GET https://en.wikipedia.org/w/api.php?format=json&redirects=1&action=query&prop=info&titles=Tiger&inprop=protection%7Ctalkid%7Cwatched%7Cwatchers%7Cvisitingwatchers%7Cnotificationtimestamp%7Csubjectid%7Curl%7Creadable%7Cpreload%7Cdisplaytitle%7Cvarianttitles "HTTP/1.1 200 OK"
2026-05-25 14:41:37,594 | INFO | wikipediaapi._http_client.sync_http_client | Request URL: https://en.wikipedia.org/w/api.php?format=json&redirects=1&action=query&prop=extracts&titles=Tiger&explaintext=1&exsectionformat=wiki
2026-05-25 14:41:38,485 | INFO | httpx | HTTP Request: GET https://en.wikipedia.org/w/api.php?format=json&redirects=1&action=query&prop=extracts&titles=Tiger&explaintext=1&exsectionformat=wiki "HTTP/1.1 200 OK"
2026-05-25 14:41:38,488 | INFO | cold_start | Skipping duplicate text content | page=Tiger
2026-05-25 14:41:49,444 | WARNING | cold_start | Wikipedia rate limit hit | attempt=1 | waiting=5 sec
2026-05-25 14:41:55,488 | WARNING | cold_start | Wikipedia rate limit hit | attempt=2 | waiting=10 sec
2026-05-25 14:42:17,501 | WARNING | cold_start | Wikipedia rate limit hit | attempt=1 | waiting=5 sec
2026-05-25 14:42:23,645 | WARNING | cold_start | Wikipedia rate limit hit | attempt=2 | waiting=10 sec
2026-05-25 14:42:34,502 | WARNING | cold_start | Wikipedia rate limit hit | attempt=3 | waiting=15 sec
2026-05-25 14:42:49,503 | WARNING | cold_start | File info failed | title=File:Flag of Bhutan.svg | error=HTTP request failed after retries
2026-05-25 14:42:50,682 | WARNING | cold_start | Wikipedia rate limit hit | attempt=1 | waiting=5 sec
2026-05-25 14:42:56,618 | WARNING | cold_start | Wikipedia rate limit hit | attempt=2 | waiting=10 sec
2026-05-25 14:43:07,888 | INFO | cold_start | Skipping duplicate media | modality=image | url=https://upload.wikimedia.org/wikipedia/commons/c/ce/2012-09-15_Tierpark_Berlin_26_%28cropped%29.jpg
2026-05-25 14:43:07,890 | INFO | cold_start | Skipping duplicate media | modality=image | url=https://upload.wikimedia.org/wikipedia/commons/8/81/2012_Suedchinesischer_Tiger.JPG
2026-05-25 14:43:10,677 | INFO | ingestion | Media embedding attempt | file=./data/media\818132ea29ed42a585555dbfae24646e.jpg | attempt=1
2026-05-25 14:43:38,924 | INFO | ingestion | Media description attempt | modality=image | file=./data/media\818132ea29ed42a585555dbfae24646e.jpg | attempt=1
2026-05-25 14:46:21,067 | INFO | ingestion | Media ingestion completed | modality=image | id=image_6a5bc281260a45b399fb49b6cbf834ae
2026-05-25 14:46:22,146 | INFO | ingestion | Media embedding attempt | file=./data/media\843967f2f3bd43b89f4b9f78ae69e2c3.jpg | attempt=1
2026-05-25 14:46:29,935 | INFO | ingestion | Media description attempt | modality=image | file=./data/media\843967f2f3bd43b89f4b9f78ae69e2c3.jpg | attempt=1
2026-05-25 14:48:44,686 | INFO | ingestion | Media ingestion completed | modality=image | id=image_d80a5ff0389148d19751d7fe4105eb63
2026-05-25 14:48:44,695 | INFO | cold_start | Cold start ingestion completed | page=Tiger | intent=image | text_items=0 | images_found=14 | audios_found=1 | videos_found=0 | total_new_unique=2
2026-05-25 14:48:44,696 | INFO | main | New unique data ingested from cold start | count=2
2026-05-25 14:48:44,702 | INFO | main | Vector search rerun completed | count=50
2026-05-25 14:48:44,702 | INFO | main | BM25 search rerun completed | count=36
2026-05-25 14:48:44,702 | INFO | main | Hybrid merge rerun completed | total_count=73 | final_filtered_count=4
2026-05-25 14:48:44,703 | INFO | main | Response sent | type=image
2026-05-25 14:49:50,886 | INFO | main | Query received | query=gave me tourist places in london
2026-05-25 14:49:50,887 | INFO | main | Intent detected | intent=text
2026-05-25 14:49:50,887 | INFO | main | Search top_k selected | intent=text | top_k=10
2026-05-25 14:49:51,398 | INFO | main | Query embedding created
2026-05-25 14:49:51,411 | INFO | main | Vector search completed | count=10
2026-05-25 14:49:51,412 | INFO | main | BM25 search completed | count=10
2026-05-25 14:49:51,415 | INFO | main | Hybrid merge completed | total_count=20 | final_filtered_count=12 | top_score=0.1308995485305786 | threshold=0.22
2026-05-25 14:49:51,415 | INFO | main | Cold start needed | intent=text | top_score=0.1308995485305786 | threshold=0.22 | filtered_count=12
2026-05-25 14:49:51,416 | INFO | cold_start | Cold start triggered | query=gave me tourist places in london | intent=text
2026-05-25 14:49:51,416 | INFO | cold_start | Wikipedia search query normalized | original=gave me tourist places in london | clean=tourist places in london
2026-05-25 14:49:52,879 | INFO | cold_start | Wikipedia best page selected | title=Tourist attraction
2026-05-25 14:49:52,880 | INFO | wikipediaapi._http_client.sync_http_client | Request URL: https://en.wikipedia.org/w/api.php?format=json&redirects=1&action=query&prop=info&titles=Tourist attraction&inprop=protection|talkid|watched|watchers|visitingwatchers|notificationtimestamp|subjectid|url|readable|preload|displaytitle|varianttitles
2026-05-25 14:49:53,492 | INFO | httpx | HTTP Request: GET https://en.wikipedia.org/w/api.php?format=json&redirects=1&action=query&prop=info&titles=Tourist+attraction&inprop=protection%7Ctalkid%7Cwatched%7Cwatchers%7Cvisitingwatchers%7Cnotificationtimestamp%7Csubjectid%7Curl%7Creadable%7Cpreload%7Cdisplaytitle%7Cvarianttitles "HTTP/1.1 200 OK"
2026-05-25 14:49:53,494 | INFO | wikipediaapi._http_client.sync_http_client | Request URL: https://en.wikipedia.org/w/api.php?format=json&redirects=1&action=query&prop=extracts&titles=Tourist attraction&explaintext=1&exsectionformat=wiki
2026-05-25 14:49:54,004 | INFO | httpx | HTTP Request: GET https://en.wikipedia.org/w/api.php?format=json&redirects=1&action=query&prop=extracts&titles=Tourist+attraction&explaintext=1&exsectionformat=wiki "HTTP/1.1 200 OK"
2026-05-25 14:49:56,304 | INFO | ingestion | Text ingestion completed | chunks=3
2026-05-25 14:50:09,670 | WARNING | cold_start | Wikipedia rate limit hit | attempt=1 | waiting=5 sec
2026-05-25 14:50:15,511 | WARNING | cold_start | Wikipedia rate limit hit | attempt=2 | waiting=10 sec
2026-05-25 14:50:26,672 | WARNING | cold_start | Wikipedia rate limit hit | attempt=3 | waiting=15 sec
2026-05-25 14:50:41,673 | WARNING | cold_start | File info failed | title=File:Colon-interior-escenario-TM.jpg | error=HTTP request failed after retries
2026-05-25 14:50:42,747 | WARNING | cold_start | Wikipedia rate limit hit | attempt=1 | waiting=5 sec
2026-05-25 14:50:49,816 | WARNING | cold_start | Wikipedia rate limit hit | attempt=2 | waiting=10 sec
2026-05-25 14:51:09,783 | INFO | cold_start | Text intent detected, skipping media ingestion to reduce cold-start time
2026-05-25 14:51:09,798 | INFO | cold_start | Cold start ingestion completed | page=Tourist attraction | intent=text | text_items=3 | images_found=18 | audios_found=0 | videos_found=0 | total_new_unique=3
2026-05-25 14:51:09,799 | INFO | main | New unique data ingested from cold start | count=3
2026-05-25 14:51:09,804 | INFO | main | Vector search rerun completed | count=10
2026-05-25 14:51:09,805 | INFO | main | BM25 search rerun completed | count=10
2026-05-25 14:51:09,806 | INFO | main | Hybrid merge rerun completed | total_count=17 | final_filtered_count=11
2026-05-25 14:51:11,520 | INFO | main | Response sent | type=text
2026-05-25 14:51:38,285 | INFO | main | Query received | query=gave me tourist places in london
2026-05-25 14:51:38,285 | INFO | main | Intent detected | intent=text
2026-05-25 14:51:38,286 | INFO | main | Search top_k selected | intent=text | top_k=10
2026-05-25 14:51:38,983 | INFO | main | Query embedding created
2026-05-25 14:51:38,988 | INFO | main | Vector search completed | count=10
2026-05-25 14:51:38,989 | INFO | main | BM25 search completed | count=10
2026-05-25 14:51:38,991 | INFO | main | Hybrid merge completed | total_count=17 | final_filtered_count=11 | top_score=0.30010414123535156 | threshold=0.22
2026-05-25 14:51:38,991 | INFO | main | Cold start skipped | intent=text | top_score=0.30010414123535156 | threshold=0.22 | filtered_count=11
2026-05-25 14:51:40,806 | INFO | main | Response sent | type=text
2026-05-25 14:52:19,819 | INFO | main | Query received | query=gave me tourist places in london
2026-05-25 14:52:19,819 | INFO | main | Intent detected | intent=text
2026-05-25 14:52:19,820 | INFO | main | Search top_k selected | intent=text | top_k=10
2026-05-25 14:52:20,308 | INFO | main | Query embedding created
2026-05-25 14:52:20,311 | INFO | main | Vector search completed | count=10
2026-05-25 14:52:20,312 | INFO | main | BM25 search completed | count=10
2026-05-25 14:52:20,313 | INFO | main | Hybrid merge completed | total_count=17 | final_filtered_count=11 | top_score=0.30010414123535156 | threshold=0.22
2026-05-25 14:52:20,313 | INFO | main | Cold start skipped | intent=text | top_score=0.30010414123535156 | threshold=0.22 | filtered_count=11
2026-05-25 14:52:26,570 | INFO | main | Response sent | type=text
2026-05-25 14:53:41,437 | INFO | main | Query received | query=gave me images of tourist places in london
2026-05-25 14:53:41,438 | INFO | main | Intent detected | intent=image
2026-05-25 14:53:41,438 | INFO | main | Search top_k selected | intent=image | top_k=50
2026-05-25 14:53:42,167 | INFO | main | Query embedding created
2026-05-25 14:53:42,179 | INFO | main | Vector search completed | count=50
2026-05-25 14:53:42,180 | INFO | main | BM25 search completed | count=39
2026-05-25 14:53:42,180 | INFO | main | Hybrid merge completed | total_count=81 | final_filtered_count=0 | top_score=0.3203621506690979 | threshold=0.22
2026-05-25 14:53:42,181 | INFO | main | Cold start needed | intent=image | top_score=0.3203621506690979 | threshold=0.22 | filtered_count=0
2026-05-25 14:53:42,181 | INFO | cold_start | Cold start triggered | query=gave me images of tourist places in london | intent=image
2026-05-25 14:53:42,181 | INFO | cold_start | Wikipedia search query normalized | original=gave me images of tourist places in london | clean=of tourist places in london
2026-05-25 14:53:43,589 | INFO | cold_start | Wikipedia best page selected | title=Tourist attraction
2026-05-25 14:53:43,590 | INFO | wikipediaapi._http_client.sync_http_client | Request URL: https://en.wikipedia.org/w/api.php?format=json&redirects=1&action=query&prop=info&titles=Tourist attraction&inprop=protection|talkid|watched|watchers|visitingwatchers|notificationtimestamp|subjectid|url|readable|preload|displaytitle|varianttitles
2026-05-25 14:53:44,306 | INFO | httpx | HTTP Request: GET https://en.wikipedia.org/w/api.php?format=json&redirects=1&action=query&prop=info&titles=Tourist+attraction&inprop=protection%7Ctalkid%7Cwatched%7Cwatchers%7Cvisitingwatchers%7Cnotificationtimestamp%7Csubjectid%7Curl%7Creadable%7Cpreload%7Cdisplaytitle%7Cvarianttitles "HTTP/1.1 200 OK"
2026-05-25 14:53:44,307 | INFO | wikipediaapi._http_client.sync_http_client | Request URL: https://en.wikipedia.org/w/api.php?format=json&redirects=1&action=query&prop=extracts&titles=Tourist attraction&explaintext=1&exsectionformat=wiki
2026-05-25 14:53:44,625 | INFO | httpx | HTTP Request: GET https://en.wikipedia.org/w/api.php?format=json&redirects=1&action=query&prop=extracts&titles=Tourist+attraction&explaintext=1&exsectionformat=wiki "HTTP/1.1 200 OK"
2026-05-25 14:53:44,626 | INFO | cold_start | Skipping duplicate text content | page=Tourist attraction
2026-05-25 14:53:55,159 | WARNING | cold_start | Wikipedia rate limit hit | attempt=1 | waiting=5 sec
2026-05-25 14:54:11,546 | WARNING | cold_start | Wikipedia rate limit hit | attempt=1 | waiting=5 sec
2026-05-25 14:54:17,483 | WARNING | cold_start | Wikipedia rate limit hit | attempt=2 | waiting=10 sec
2026-05-25 14:54:28,438 | WARNING | cold_start | Wikipedia rate limit hit | attempt=3 | waiting=15 sec
2026-05-25 14:54:43,440 | WARNING | cold_start | File info failed | title=File:Lago di sorapiss.jpg | error=HTTP request failed after retries
2026-05-25 14:54:44,516 | WARNING | cold_start | Wikipedia rate limit hit | attempt=1 | waiting=5 sec
2026-05-25 14:54:50,763 | WARNING | cold_start | Wikipedia rate limit hit | attempt=2 | waiting=10 sec
2026-05-25 14:55:03,714 | INFO | ingestion | Media embedding attempt | file=./data/media\8d71906879c34acdb2c9c37a888ed293.jpg | attempt=1
2026-05-25 14:55:15,874 | INFO | ingestion | Media description attempt | modality=image | file=./data/media\8d71906879c34acdb2c9c37a888ed293.jpg | attempt=1
2026-05-25 14:57:35,259 | INFO | ingestion | Media ingestion completed | modality=image | id=image_b9c31183e25f493098664381c5f67fc2
2026-05-25 14:57:38,549 | INFO | ingestion | Media embedding attempt | file=./data/media\0f1a4525a7074e76980cedfac959bb1a.jpg | attempt=1
2026-05-25 14:58:31,566 | INFO | ingestion | Media description attempt | modality=image | file=./data/media\0f1a4525a7074e76980cedfac959bb1a.jpg | attempt=1
2026-05-25 15:01:24,435 | INFO | ingestion | Media ingestion completed | modality=image | id=image_d19e8455e0f64c6ba38108bbfd9c5311
2026-05-25 15:01:24,442 | INFO | cold_start | Cold start ingestion completed | page=Tourist attraction | intent=image | text_items=0 | images_found=18 | audios_found=0 | videos_found=0 | total_new_unique=2
2026-05-25 15:01:24,442 | INFO | main | New unique data ingested from cold start | count=2
2026-05-25 15:01:24,449 | INFO | main | Vector search rerun completed | count=50
2026-05-25 15:01:24,450 | INFO | main | BM25 search rerun completed | count=41
2026-05-25 15:01:24,451 | INFO | main | Hybrid merge rerun completed | total_count=83 | final_filtered_count=2
2026-05-25 15:01:24,451 | INFO | main | Response sent | type=image
2026-05-25 15:16:24,749 | INFO | main | Query received | query=gave me parrot audio
2026-05-25 15:16:24,749 | INFO | main | Intent detected | intent=audio
2026-05-25 15:16:24,750 | INFO | main | Search top_k selected | intent=audio | top_k=50
2026-05-25 15:16:25,538 | INFO | main | Query embedding created
2026-05-25 15:16:25,570 | INFO | main | Vector search completed | count=50
2026-05-25 15:16:25,573 | INFO | main | BM25 search completed | count=41
2026-05-25 15:16:25,574 | INFO | main | Hybrid merge completed | total_count=77 | final_filtered_count=0 | top_score=0.23444467782974243 | threshold=0.22
2026-05-25 15:16:25,575 | INFO | main | Cold start needed | intent=audio | top_score=0.23444467782974243 | threshold=0.22 | filtered_count=0
2026-05-25 15:16:25,576 | INFO | cold_start | Cold start triggered | query=gave me parrot audio | intent=audio
2026-05-25 15:16:25,576 | INFO | cold_start | Wikipedia search query normalized | original=gave me parrot audio | clean=parrot
2026-05-25 15:16:26,547 | INFO | cold_start | Wikipedia best page selected | title=Parrot
2026-05-25 15:16:26,548 | INFO | wikipediaapi._http_client.sync_http_client | Request URL: https://en.wikipedia.org/w/api.php?format=json&redirects=1&action=query&prop=info&titles=Parrot&inprop=protection|talkid|watched|watchers|visitingwatchers|notificationtimestamp|subjectid|url|readable|preload|displaytitle|varianttitles
2026-05-25 15:16:27,256 | INFO | httpx | HTTP Request: GET https://en.wikipedia.org/w/api.php?format=json&redirects=1&action=query&prop=info&titles=Parrot&inprop=protection%7Ctalkid%7Cwatched%7Cwatchers%7Cvisitingwatchers%7Cnotificationtimestamp%7Csubjectid%7Curl%7Creadable%7Cpreload%7Cdisplaytitle%7Cvarianttitles "HTTP/1.1 200 OK"
2026-05-25 15:16:27,258 | INFO | wikipediaapi._http_client.sync_http_client | Request URL: https://en.wikipedia.org/w/api.php?format=json&redirects=1&action=query&prop=extracts&titles=Parrot&explaintext=1&exsectionformat=wiki
2026-05-25 15:16:28,075 | INFO | httpx | HTTP Request: GET https://en.wikipedia.org/w/api.php?format=json&redirects=1&action=query&prop=extracts&titles=Parrot&explaintext=1&exsectionformat=wiki "HTTP/1.1 200 OK"
2026-05-25 15:16:28,082 | INFO | cold_start | Skipping duplicate text content | page=Parrot
2026-05-25 15:16:38,624 | WARNING | cold_start | Wikipedia rate limit hit | attempt=1 | waiting=5 sec
2026-05-25 15:16:44,770 | WARNING | cold_start | Wikipedia rate limit hit | attempt=2 | waiting=10 sec
2026-05-25 15:16:55,729 | WARNING | cold_start | Wikipedia rate limit hit | attempt=3 | waiting=15 sec
2026-05-25 15:17:10,731 | WARNING | cold_start | File info failed | title=File:Cyrilavis colburnorum FMNH specimen.jpg | error=HTTP request failed after retries
2026-05-25 15:17:22,962 | WARNING | cold_start | Wikipedia rate limit hit | attempt=1 | waiting=5 sec
2026-05-25 15:17:28,904 | WARNING | cold_start | Wikipedia rate limit hit | attempt=2 | waiting=10 sec
2026-05-25 15:17:39,964 | WARNING | cold_start | Wikipedia rate limit hit | attempt=3 | waiting=15 sec
2026-05-25 15:17:54,966 | WARNING | cold_start | File info failed | title=File:OOjs UI icon edit-ltr.svg | error=HTTP request failed after retries
2026-05-25 15:17:57,365 | INFO | ingestion | Media embedding attempt | file=./data/media\586f64c6c03847b1a0d0cbeaba6c35eb.mp3 | attempt=1
2026-05-25 15:18:09,362 | INFO | ingestion | Media description attempt | modality=audio | file=./data/media\586f64c6c03847b1a0d0cbeaba6c35eb.mp3 | attempt=1
2026-05-25 15:20:32,921 | INFO | ingestion | Media ingestion completed | modality=audio | id=audio_f0ce80e850f742f5a32f7339d9855951
2026-05-25 15:20:32,932 | INFO | cold_start | Cold start ingestion completed | page=Parrot | intent=audio | text_items=0 | images_found=13 | audios_found=1 | videos_found=1 | total_new_unique=1
2026-05-25 15:20:32,932 | INFO | main | New unique data ingested from cold start | count=1
2026-05-25 15:20:32,942 | INFO | main | Vector search rerun completed | count=50
2026-05-25 15:20:32,942 | INFO | main | BM25 search rerun completed | count=42
2026-05-25 15:20:32,943 | INFO | main | Hybrid merge rerun completed | total_count=77 | final_filtered_count=1
2026-05-25 15:20:32,943 | INFO | main | Response sent | type=audio
2026-05-25 15:30:24,995 | INFO | main | Query received | query=what is the national tree of India
2026-05-25 15:30:24,996 | INFO | main | Intent detected | intent=text
2026-05-25 15:30:24,997 | INFO | main | Search top_k selected | intent=text | top_k=10
2026-05-25 15:30:26,457 | INFO | main | Query embedding created
2026-05-25 15:30:26,475 | INFO | main | Vector search completed | count=10
2026-05-25 15:30:26,478 | INFO | main | BM25 search completed | count=10
2026-05-25 15:30:26,481 | INFO | main | Hybrid merge completed | total_count=20 | final_filtered_count=20 | top_score=0.14547103643417358 | threshold=0.22
2026-05-25 15:30:26,481 | INFO | main | Cold start needed | intent=text | top_score=0.14547103643417358 | threshold=0.22 | filtered_count=20
2026-05-25 15:30:26,482 | INFO | cold_start | Cold start triggered | query=what is the national tree of India | intent=text
2026-05-25 15:30:26,483 | INFO | cold_start | Wikipedia search query normalized | original=what is the national tree of India | clean=the national tree of india
2026-05-25 15:30:28,281 | INFO | cold_start | Wikipedia best page selected | title=List of banyan trees in India
2026-05-25 15:30:28,282 | INFO | wikipediaapi._http_client.sync_http_client | Request URL: https://en.wikipedia.org/w/api.php?format=json&redirects=1&action=query&prop=info&titles=List of banyan trees in India&inprop=protection|talkid|watched|watchers|visitingwatchers|notificationtimestamp|subjectid|url|readable|preload|displaytitle|varianttitles
2026-05-25 15:30:28,973 | INFO | httpx | HTTP Request: GET https://en.wikipedia.org/w/api.php?format=json&redirects=1&action=query&prop=info&titles=List+of+banyan+trees+in+India&inprop=protection%7Ctalkid%7Cwatched%7Cwatchers%7Cvisitingwatchers%7Cnotificationtimestamp%7Csubjectid%7Curl%7Creadable%7Cpreload%7Cdisplaytitle%7Cvarianttitles "HTTP/1.1 200 OK"
2026-05-25 15:30:28,975 | INFO | wikipediaapi._http_client.sync_http_client | Request URL: https://en.wikipedia.org/w/api.php?format=json&redirects=1&action=query&prop=extracts&titles=List of banyan trees in India&explaintext=1&exsectionformat=wiki
2026-05-25 15:30:29,506 | INFO | httpx | HTTP Request: GET https://en.wikipedia.org/w/api.php?format=json&redirects=1&action=query&prop=extracts&titles=List+of+banyan+trees+in+India&explaintext=1&exsectionformat=wiki "HTTP/1.1 200 OK"
2026-05-25 15:30:30,179 | INFO | ingestion | Text ingestion completed | chunks=1
2026-05-25 15:30:39,031 | INFO | cold_start | Text intent detected, skipping media ingestion to reduce cold-start time
2026-05-25 15:30:39,048 | INFO | cold_start | Cold start ingestion completed | page=List of banyan trees in India | intent=text | text_items=1 | images_found=1 | audios_found=0 | videos_found=0 | total_new_unique=1
2026-05-25 15:30:39,048 | INFO | main | New unique data ingested from cold start | count=1
2026-05-25 15:30:39,051 | INFO | main | Vector search rerun completed | count=10
2026-05-25 15:30:39,052 | INFO | main | BM25 search rerun completed | count=10
2026-05-25 15:30:39,052 | INFO | main | Hybrid merge rerun completed | total_count=19 | final_filtered_count=19
2026-05-25 15:30:41,597 | INFO | main | Response sent | type=text
2026-05-25 15:37:14,776 | INFO | main | Query received | query=what is the national tree of India
2026-05-25 15:37:14,777 | INFO | main | Intent detected | intent=text
2026-05-25 15:37:14,777 | INFO | main | Search top_k selected | intent=text | top_k=10
2026-05-25 15:37:15,639 | INFO | main | Query embedding created
2026-05-25 15:37:15,646 | INFO | main | Vector search completed | count=10
2026-05-25 15:37:15,647 | INFO | main | BM25 search completed | count=10
2026-05-25 15:37:15,649 | INFO | main | Hybrid merge completed | total_count=19 | final_filtered_count=19 | top_score=0.20380407571792603 | threshold=0.22
2026-05-25 15:37:15,649 | INFO | main | Cold start needed | intent=text | top_score=0.20380407571792603 | threshold=0.22 | filtered_count=19
2026-05-25 15:37:15,650 | INFO | cold_start | Cold start triggered | query=what is the national tree of India | intent=text
2026-05-25 15:37:15,650 | INFO | cold_start | Wikipedia search query normalized | original=what is the national tree of India | clean=the national tree of india
2026-05-25 15:37:17,027 | INFO | cold_start | Wikipedia best page selected | title=List of banyan trees in India
2026-05-25 15:37:17,028 | INFO | wikipediaapi._http_client.sync_http_client | Request URL: https://en.wikipedia.org/w/api.php?format=json&redirects=1&action=query&prop=info&titles=List of banyan trees in India&inprop=protection|talkid|watched|watchers|visitingwatchers|notificationtimestamp|subjectid|url|readable|preload|displaytitle|varianttitles
2026-05-25 15:37:17,771 | INFO | httpx | HTTP Request: GET https://en.wikipedia.org/w/api.php?format=json&redirects=1&action=query&prop=info&titles=List+of+banyan+trees+in+India&inprop=protection%7Ctalkid%7Cwatched%7Cwatchers%7Cvisitingwatchers%7Cnotificationtimestamp%7Csubjectid%7Curl%7Creadable%7Cpreload%7Cdisplaytitle%7Cvarianttitles "HTTP/1.1 200 OK"
2026-05-25 15:37:17,772 | INFO | wikipediaapi._http_client.sync_http_client | Request URL: https://en.wikipedia.org/w/api.php?format=json&redirects=1&action=query&prop=extracts&titles=List of banyan trees in India&explaintext=1&exsectionformat=wiki
2026-05-25 15:37:18,184 | INFO | httpx | HTTP Request: GET https://en.wikipedia.org/w/api.php?format=json&redirects=1&action=query&prop=extracts&titles=List+of+banyan+trees+in+India&explaintext=1&exsectionformat=wiki "HTTP/1.1 200 OK"
2026-05-25 15:37:18,186 | INFO | cold_start | Skipping duplicate text content | page=List of banyan trees in India
2026-05-25 15:37:26,072 | INFO | cold_start | Text intent detected, skipping media ingestion to reduce cold-start time
2026-05-25 15:37:26,073 | INFO | cold_start | Cold start ingestion completed | page=List of banyan trees in India | intent=text | text_items=0 | images_found=1 | audios_found=0 | videos_found=0 | total_new_unique=0
2026-05-25 15:37:26,073 | INFO | main | Cold start completed but no new unique data found
2026-05-25 15:37:26,083 | INFO | main | Vector search rerun completed | count=10
2026-05-25 15:37:26,084 | INFO | main | BM25 search rerun completed | count=10
2026-05-25 15:37:26,086 | INFO | main | Hybrid merge rerun completed | total_count=19 | final_filtered_count=19
2026-05-25 15:37:28,012 | INFO | main | Response sent | type=text
2026-05-25 15:45:16,691 | INFO | main | Query received | query=what is the national flower
2026-05-25 15:45:16,692 | INFO | main | Intent detected | intent=text
2026-05-25 15:45:16,694 | INFO | main | Search top_k selected | intent=text | top_k=10
2026-05-25 15:45:17,541 | INFO | main | Query embedding created
2026-05-25 15:45:17,551 | INFO | main | Vector search completed | count=10
2026-05-25 15:45:17,553 | INFO | main | BM25 search completed | count=10
2026-05-25 15:45:17,555 | INFO | main | Hybrid merge completed | total_count=20 | final_filtered_count=20 | top_score=0.1572168469429016 | threshold=0.22
2026-05-25 15:45:17,555 | INFO | main | Cold start needed | intent=text | top_score=0.1572168469429016 | threshold=0.22 | filtered_count=20
2026-05-25 15:45:17,556 | INFO | cold_start | Cold start triggered | query=what is the national flower | intent=text
2026-05-25 15:45:17,556 | INFO | cold_start | Wikipedia search query normalized | original=what is the national flower | clean=the national flower
2026-05-25 15:45:18,761 | INFO | cold_start | Wikipedia best page selected | title=List of national flowers
2026-05-25 15:45:18,762 | INFO | wikipediaapi._http_client.sync_http_client | Request URL: https://en.wikipedia.org/w/api.php?format=json&redirects=1&action=query&prop=info&titles=List of national flowers&inprop=protection|talkid|watched|watchers|visitingwatchers|notificationtimestamp|subjectid|url|readable|preload|displaytitle|varianttitles
2026-05-25 15:45:19,465 | INFO | httpx | HTTP Request: GET https://en.wikipedia.org/w/api.php?format=json&redirects=1&action=query&prop=info&titles=List+of+national+flowers&inprop=protection%7Ctalkid%7Cwatched%7Cwatchers%7Cvisitingwatchers%7Cnotificationtimestamp%7Csubjectid%7Curl%7Creadable%7Cpreload%7Cdisplaytitle%7Cvarianttitles "HTTP/1.1 200 OK"
2026-05-25 15:45:19,466 | INFO | wikipediaapi._http_client.sync_http_client | Request URL: https://en.wikipedia.org/w/api.php?format=json&redirects=1&action=query&prop=extracts&titles=List of national flowers&explaintext=1&exsectionformat=wiki
2026-05-25 15:45:20,388 | INFO | httpx | HTTP Request: GET https://en.wikipedia.org/w/api.php?format=json&redirects=1&action=query&prop=extracts&titles=List+of+national+flowers&explaintext=1&exsectionformat=wiki "HTTP/1.1 200 OK"
2026-05-25 15:45:21,195 | INFO | ingestion | Text ingestion completed | chunks=1
2026-05-25 15:45:31,652 | WARNING | cold_start | Wikipedia rate limit hit | attempt=1 | waiting=5 sec
2026-05-25 15:45:37,594 | WARNING | cold_start | Wikipedia rate limit hit | attempt=2 | waiting=10 sec
2026-05-25 15:45:48,652 | WARNING | cold_start | Wikipedia rate limit hit | attempt=3 | waiting=15 sec
2026-05-25 15:46:03,654 | WARNING | cold_start | File info failed | title=File:Bauhinia blakeana (Key West).jpg | error=HTTP request failed after retries
2026-05-25 15:46:14,866 | WARNING | cold_start | Wikipedia rate limit hit | attempt=1 | waiting=5 sec
2026-05-25 15:46:20,704 | WARNING | cold_start | Wikipedia rate limit hit | attempt=2 | waiting=10 sec
2026-05-25 15:46:31,764 | WARNING | cold_start | Wikipedia rate limit hit | attempt=3 | waiting=15 sec
2026-05-25 15:46:46,765 | WARNING | cold_start | File info failed | title=File:EpilobiumAngustifolium 6184.jpg | error=HTTP request failed after retries
2026-05-25 15:46:46,767 | INFO | cold_start | Text intent detected, skipping media ingestion to reduce cold-start time
2026-05-25 15:46:46,783 | INFO | cold_start | Cold start ingestion completed | page=List of national flowers | intent=text | text_items=1 | images_found=17 | audios_found=0 | videos_found=0 | total_new_unique=1
2026-05-25 15:46:46,785 | INFO | main | New unique data ingested from cold start | count=1
2026-05-25 15:46:46,799 | INFO | main | Vector search rerun completed | count=10
2026-05-25 15:46:46,801 | INFO | main | BM25 search rerun completed | count=10
2026-05-25 15:46:46,804 | INFO | main | Hybrid merge rerun completed | total_count=19 | final_filtered_count=19
2026-05-25 15:46:48,667 | INFO | main | Response sent | type=text
2026-05-25 16:51:54,349 | INFO | wikipediaapi._http_client.base_http_client | Wikipedia: language=en, user_agent: multimodal-rag-project/1.0 (Wikipedia-API/0.14.1; https://github.com/martin-majlis/Wikipedia-API/), extract_format=1
2026-05-25 16:52:36,182 | INFO | wikipediaapi._http_client.base_http_client | Wikipedia: language=en, user_agent: multimodal-rag-project/1.0 (Wikipedia-API/0.14.1; https://github.com/martin-majlis/Wikipedia-API/), extract_format=1
2026-05-25 16:52:36,535 | INFO | main | Backend started successfully
2026-05-25 16:53:03,698 | INFO | main | Query received | query=tell me about tiger
2026-05-25 16:53:03,699 | INFO | main | Intent detected | intent=text
2026-05-25 16:53:03,699 | INFO | main | Search config | intent=text | top_k=15 | threshold=0.22
2026-05-25 16:53:04,836 | INFO | main | Query embedding created
2026-05-25 16:53:04,856 | INFO | main | Vector search completed | count=0
2026-05-25 16:53:04,856 | INFO | main | BM25 search completed | count=0
2026-05-25 16:53:04,856 | INFO | main | Hybrid merge completed | total_count=0 | filtered_count=0 | best_score=0
2026-05-25 16:53:04,856 | INFO | main | Cold start needed | intent=text
2026-05-25 16:53:04,856 | INFO | cold_start | Cold start triggered | query=tell me about tiger | intent=text
2026-05-25 16:53:04,857 | INFO | cold_start | Wikipedia search query normalized | original=tell me about tiger | clean=tiger
2026-05-25 16:53:05,943 | INFO | cold_start | Wikipedia best page selected | title=Tiger
2026-05-25 16:53:05,943 | INFO | wikipediaapi._http_client.sync_http_client | Request URL: https://en.wikipedia.org/w/api.php?format=json&redirects=1&action=query&prop=info&titles=Tiger&inprop=protection|talkid|watched|watchers|visitingwatchers|notificationtimestamp|subjectid|url|readable|preload|displaytitle|varianttitles
2026-05-25 16:53:06,224 | INFO | httpx | HTTP Request: GET https://en.wikipedia.org/w/api.php?format=json&redirects=1&action=query&prop=info&titles=Tiger&inprop=protection%7Ctalkid%7Cwatched%7Cwatchers%7Cvisitingwatchers%7Cnotificationtimestamp%7Csubjectid%7Curl%7Creadable%7Cpreload%7Cdisplaytitle%7Cvarianttitles "HTTP/1.1 429 Your bot is making too many requests. Please reduce your request rate or contact bot-traffic@wikimedia.org (f263c81)"
2026-05-25 16:53:17,564 | INFO | httpx | HTTP Request: GET https://en.wikipedia.org/w/api.php?format=json&redirects=1&action=query&prop=info&titles=Tiger&inprop=protection%7Ctalkid%7Cwatched%7Cwatchers%7Cvisitingwatchers%7Cnotificationtimestamp%7Csubjectid%7Curl%7Creadable%7Cpreload%7Cdisplaytitle%7Cvarianttitles "HTTP/1.1 429 Your bot is making too many requests. Please reduce your request rate or contact bot-traffic@wikimedia.org (f263c81)"
2026-05-25 16:53:29,125 | INFO | httpx | HTTP Request: GET https://en.wikipedia.org/w/api.php?format=json&redirects=1&action=query&prop=info&titles=Tiger&inprop=protection%7Ctalkid%7Cwatched%7Cwatchers%7Cvisitingwatchers%7Cnotificationtimestamp%7Csubjectid%7Curl%7Creadable%7Cpreload%7Cdisplaytitle%7Cvarianttitles "HTTP/1.1 429 Too Many Requests"
2026-05-25 16:53:59,890 | INFO | httpx | HTTP Request: GET https://en.wikipedia.org/w/api.php?format=json&redirects=1&action=query&prop=info&titles=Tiger&inprop=protection%7Ctalkid%7Cwatched%7Cwatchers%7Cvisitingwatchers%7Cnotificationtimestamp%7Csubjectid%7Curl%7Creadable%7Cpreload%7Cdisplaytitle%7Cvarianttitles "HTTP/1.1 200 OK"
2026-05-25 16:53:59,891 | INFO | wikipediaapi._http_client.sync_http_client | Request URL: https://en.wikipedia.org/w/api.php?format=json&redirects=1&action=query&prop=extracts&titles=Tiger&explaintext=1&exsectionformat=wiki
2026-05-25 16:54:00,685 | INFO | httpx | HTTP Request: GET https://en.wikipedia.org/w/api.php?format=json&redirects=1&action=query&prop=extracts&titles=Tiger&explaintext=1&exsectionformat=wiki "HTTP/1.1 200 OK"
2026-05-25 16:54:02,051 | INFO | ingestion | Text ingestion completed | chunks=2
2026-05-25 16:54:12,665 | WARNING | cold_start | Rate limit hit | attempt=1 | waiting=5 sec
2026-05-25 16:54:19,465 | WARNING | cold_start | Rate limit hit | attempt=2 | waiting=10 sec
2026-05-25 16:54:30,452 | WARNING | cold_start | Rate limit hit | attempt=3 | waiting=15 sec
2026-05-25 16:54:45,453 | WARNING | cold_start | File info failed | title=File:COLLECTIE TROPENMUSEUM Een groep mannen en kinderen poseert bij een pas geschoten tijger te Malingping in Bantam West-Java TMnr 10006636.jpg | error=HTTP request failed after retries
2026-05-25 16:54:46,337 | WARNING | cold_start | Rate limit hit | attempt=1 | waiting=5 sec
2026-05-25 16:54:53,316 | WARNING | cold_start | Rate limit hit | attempt=2 | waiting=10 sec
2026-05-25 16:55:12,351 | INFO | cold_start | Text intent detected, skipping media ingestion to reduce cold-start time
2026-05-25 16:55:12,357 | INFO | cold_start | Cold start ingestion completed | page=Tiger | intent=text | text_items=2 | images_found=13 | audios_found=1 | videos_found=0 | total_new_unique=2
2026-05-25 16:55:12,358 | INFO | main | Cold start completed | new_items=2
2026-05-25 16:55:12,368 | INFO | main | Vector search rerun completed | count=2
2026-05-25 16:55:12,370 | INFO | main | BM25 search rerun completed | count=2
2026-05-25 16:55:12,370 | INFO | main | Hybrid merge rerun completed | total_count=2 | filtered_count=2 | best_score=0.03252247488101534
2026-05-25 16:55:17,306 | INFO | main | Response sent | type=text
2026-05-25 16:57:10,281 | INFO | main | Query received | query=gave me tiger image
2026-05-25 16:57:10,282 | INFO | main | Intent detected | intent=image
2026-05-25 16:57:10,282 | INFO | main | Search config | intent=image | top_k=50 | threshold=0.12
2026-05-25 16:57:10,787 | INFO | main | Query embedding created
2026-05-25 16:57:10,789 | INFO | main | Vector search completed | count=2
2026-05-25 16:57:10,790 | INFO | main | BM25 search completed | count=2
2026-05-25 16:57:10,790 | INFO | main | Hybrid merge completed | total_count=2 | filtered_count=0 | best_score=0
2026-05-25 16:57:10,790 | INFO | main | Cold start needed | intent=image
2026-05-25 16:57:10,790 | INFO | cold_start | Cold start triggered | query=gave me tiger image | intent=image
2026-05-25 16:57:10,790 | INFO | cold_start | Wikipedia search query normalized | original=gave me tiger image | clean=tiger
2026-05-25 16:57:11,755 | INFO | cold_start | Wikipedia best page selected | title=Tiger
2026-05-25 16:57:11,756 | INFO | wikipediaapi._http_client.sync_http_client | Request URL: https://en.wikipedia.org/w/api.php?format=json&redirects=1&action=query&prop=info&titles=Tiger&inprop=protection|talkid|watched|watchers|visitingwatchers|notificationtimestamp|subjectid|url|readable|preload|displaytitle|varianttitles
2026-05-25 16:57:12,498 | INFO | httpx | HTTP Request: GET https://en.wikipedia.org/w/api.php?format=json&redirects=1&action=query&prop=info&titles=Tiger&inprop=protection%7Ctalkid%7Cwatched%7Cwatchers%7Cvisitingwatchers%7Cnotificationtimestamp%7Csubjectid%7Curl%7Creadable%7Cpreload%7Cdisplaytitle%7Cvarianttitles "HTTP/1.1 200 OK"
2026-05-25 16:57:12,499 | INFO | wikipediaapi._http_client.sync_http_client | Request URL: https://en.wikipedia.org/w/api.php?format=json&redirects=1&action=query&prop=extracts&titles=Tiger&explaintext=1&exsectionformat=wiki
2026-05-25 16:57:13,225 | INFO | httpx | HTTP Request: GET https://en.wikipedia.org/w/api.php?format=json&redirects=1&action=query&prop=extracts&titles=Tiger&explaintext=1&exsectionformat=wiki "HTTP/1.1 200 OK"
2026-05-25 16:57:13,272 | INFO | cold_start | Skipping duplicate text content | page=Tiger
2026-05-25 16:57:21,781 | WARNING | cold_start | Rate limit hit | attempt=1 | waiting=5 sec
2026-05-25 16:57:28,579 | WARNING | cold_start | Rate limit hit | attempt=2 | waiting=10 sec
2026-05-25 16:57:39,308 | WARNING | cold_start | Rate limit hit | attempt=3 | waiting=15 sec
2026-05-25 16:57:54,310 | WARNING | cold_start | File info failed | title=File:Bronze Tiger Tally "Jie" with Gold Inlay from Tomb of Zhao Mo.jpg | error=HTTP request failed after retries
2026-05-25 16:57:54,972 | WARNING | cold_start | Rate limit hit | attempt=1 | waiting=5 sec
2026-05-25 16:58:08,521 | WARNING | cold_start | Rate limit hit | attempt=1 | waiting=5 sec
2026-05-25 16:58:14,307 | WARNING | cold_start | Rate limit hit | attempt=2 | waiting=10 sec
2026-05-25 16:58:25,048 | WARNING | cold_start | Rate limit hit | attempt=3 | waiting=15 sec
2026-05-25 16:58:40,049 | WARNING | cold_start | File info failed | title=File:Flag of India.svg | error=HTTP request failed after retries
2026-05-25 16:58:41,610 | INFO | ingestion | Media embedding attempt | file=./data/media\ae86039576de41209a4a6aad5a989f15.jpg | attempt=1
2026-05-25 16:58:53,634 | INFO | ingestion | Media description attempt | modality=image | file=./data/media\ae86039576de41209a4a6aad5a989f15.jpg | attempt=1
2026-05-25 17:01:11,805 | INFO | ingestion | Media ingestion completed | modality=image | id=image_52ea193b05b044769844f7fdeae92b33
2026-05-25 17:01:13,724 | INFO | ingestion | Media embedding attempt | file=./data/media\7658f43059f54df486d9dc5d9bad7db9.jpg | attempt=1
2026-05-25 17:01:29,260 | INFO | ingestion | Media description attempt | modality=image | file=./data/media\7658f43059f54df486d9dc5d9bad7db9.jpg | attempt=1
2026-05-25 17:03:56,538 | INFO | ingestion | Media ingestion completed | modality=image | id=image_b8202eb9be8a471a9449228c76313465
2026-05-25 17:03:56,549 | INFO | cold_start | Cold start ingestion completed | page=Tiger | intent=image | text_items=0 | images_found=13 | audios_found=1 | videos_found=0 | total_new_unique=2
2026-05-25 17:03:56,554 | INFO | main | Cold start completed | new_items=2
2026-05-25 17:03:56,574 | INFO | main | Vector search rerun completed | count=4
2026-05-25 17:03:56,580 | INFO | main | BM25 search rerun completed | count=4
2026-05-25 17:03:56,583 | INFO | main | Hybrid merge rerun completed | total_count=4 | filtered_count=2 | best_score=0.031754032258064516
2026-05-25 17:03:56,584 | INFO | main | Response sent | type=image
2026-05-25 17:04:07,920 | INFO | main | Query received | query=gave me tiger audio
2026-05-25 17:04:07,920 | INFO | main | Intent detected | intent=audio
2026-05-25 17:04:07,921 | INFO | main | Search config | intent=audio | top_k=50 | threshold=0.1
2026-05-25 17:04:08,509 | INFO | main | Query embedding created
2026-05-25 17:04:08,515 | INFO | main | Vector search completed | count=4
2026-05-25 17:04:08,516 | INFO | main | BM25 search completed | count=4
2026-05-25 17:04:08,516 | INFO | main | Hybrid merge completed | total_count=4 | filtered_count=0 | best_score=0
2026-05-25 17:04:08,516 | INFO | main | Cold start needed | intent=audio
2026-05-25 17:04:08,516 | INFO | cold_start | Cold start triggered | query=gave me tiger audio | intent=audio
2026-05-25 17:04:08,516 | INFO | cold_start | Wikipedia search query normalized | original=gave me tiger audio | clean=tiger
2026-05-25 17:04:09,474 | INFO | cold_start | Wikipedia best page selected | title=Tiger
2026-05-25 17:04:09,479 | INFO | wikipediaapi._http_client.sync_http_client | Request URL: https://en.wikipedia.org/w/api.php?format=json&redirects=1&action=query&prop=info&titles=Tiger&inprop=protection|talkid|watched|watchers|visitingwatchers|notificationtimestamp|subjectid|url|readable|preload|displaytitle|varianttitles
2026-05-25 17:04:10,265 | INFO | httpx | HTTP Request: GET https://en.wikipedia.org/w/api.php?format=json&redirects=1&action=query&prop=info&titles=Tiger&inprop=protection%7Ctalkid%7Cwatched%7Cwatchers%7Cvisitingwatchers%7Cnotificationtimestamp%7Csubjectid%7Curl%7Creadable%7Cpreload%7Cdisplaytitle%7Cvarianttitles "HTTP/1.1 200 OK"
2026-05-25 17:04:10,268 | INFO | wikipediaapi._http_client.sync_http_client | Request URL: https://en.wikipedia.org/w/api.php?format=json&redirects=1&action=query&prop=extracts&titles=Tiger&explaintext=1&exsectionformat=wiki
2026-05-25 17:04:11,082 | INFO | httpx | HTTP Request: GET https://en.wikipedia.org/w/api.php?format=json&redirects=1&action=query&prop=extracts&titles=Tiger&explaintext=1&exsectionformat=wiki "HTTP/1.1 200 OK"
2026-05-25 17:04:11,088 | INFO | cold_start | Skipping duplicate text content | page=Tiger
2026-05-25 17:04:19,988 | WARNING | cold_start | Rate limit hit | attempt=1 | waiting=5 sec
2026-05-25 17:04:25,870 | WARNING | cold_start | Rate limit hit | attempt=2 | waiting=10 sec
2026-05-25 17:04:36,785 | WARNING | cold_start | Rate limit hit | attempt=3 | waiting=15 sec
2026-05-25 17:04:51,787 | WARNING | cold_start | File info failed | title=File:Bronze Tiger Tally "Jie" with Gold Inlay from Tomb of Zhao Mo.jpg | error=HTTP request failed after retries
2026-05-25 17:04:52,647 | WARNING | cold_start | Rate limit hit | attempt=1 | waiting=5 sec
2026-05-25 17:04:58,405 | WARNING | cold_start | Rate limit hit | attempt=2 | waiting=10 sec
2026-05-25 17:05:22,378 | WARNING | cold_start | Rate limit hit | attempt=1 | waiting=5 sec
2026-05-25 17:05:28,651 | WARNING | cold_start | Rate limit hit | attempt=2 | waiting=10 sec
2026-05-25 17:05:39,701 | WARNING | cold_start | Rate limit hit | attempt=3 | waiting=15 sec
2026-05-25 17:05:54,703 | WARNING | cold_start | File info failed | title=File:Flag of India.svg | error=HTTP request failed after retries
2026-05-25 17:05:58,306 | INFO | ingestion | Media embedding attempt | file=./data/media\1c83be001e9b4d229a530ea8563b652c.wav | attempt=1
2026-05-25 17:06:13,806 | INFO | ingestion | Media description attempt | modality=audio | file=./data/media\1c83be001e9b4d229a530ea8563b652c.wav | attempt=1
2026-05-25 17:08:34,103 | INFO | ingestion | Media ingestion completed | modality=audio | id=audio_ca2f5cd101db43a99c20e4dd81758622
2026-05-25 17:08:34,113 | INFO | cold_start | Cold start ingestion completed | page=Tiger | intent=audio | text_items=0 | images_found=13 | audios_found=1 | videos_found=0 | total_new_unique=1
2026-05-25 17:08:34,113 | INFO | main | Cold start completed | new_items=1
2026-05-25 17:08:34,123 | INFO | main | Vector search rerun completed | count=5
2026-05-25 17:08:34,124 | INFO | main | BM25 search rerun completed | count=5
2026-05-25 17:08:34,125 | INFO | main | Hybrid merge rerun completed | total_count=5 | filtered_count=1 | best_score=0.032266458495966696
2026-05-25 17:08:34,125 | INFO | main | Response sent | type=audio
2026-05-25 17:09:01,339 | INFO | main | Query received | query=gave me black hole video
2026-05-25 17:09:01,339 | INFO | main | Intent detected | intent=video
2026-05-25 17:09:01,340 | INFO | main | Search config | intent=video | top_k=50 | threshold=0.1
2026-05-25 17:09:01,967 | INFO | main | Query embedding created
2026-05-25 17:09:01,977 | INFO | main | Vector search completed | count=5
2026-05-25 17:09:01,978 | INFO | main | BM25 search completed | count=5
2026-05-25 17:09:01,978 | INFO | main | Hybrid merge completed | total_count=5 | filtered_count=0 | best_score=0
2026-05-25 17:09:01,980 | INFO | main | Cold start needed | intent=video
2026-05-25 17:09:01,980 | INFO | cold_start | Cold start triggered | query=gave me black hole video | intent=video
2026-05-25 17:09:01,981 | INFO | cold_start | Wikipedia search query normalized | original=gave me black hole video | clean=black hole
2026-05-25 17:09:03,387 | INFO | cold_start | Wikipedia best page selected | title=Black hole
2026-05-25 17:09:03,388 | INFO | wikipediaapi._http_client.sync_http_client | Request URL: https://en.wikipedia.org/w/api.php?format=json&redirects=1&action=query&prop=info&titles=Black hole&inprop=protection|talkid|watched|watchers|visitingwatchers|notificationtimestamp|subjectid|url|readable|preload|displaytitle|varianttitles
2026-05-25 17:09:04,343 | INFO | httpx | HTTP Request: GET https://en.wikipedia.org/w/api.php?format=json&redirects=1&action=query&prop=info&titles=Black+hole&inprop=protection%7Ctalkid%7Cwatched%7Cwatchers%7Cvisitingwatchers%7Cnotificationtimestamp%7Csubjectid%7Curl%7Creadable%7Cpreload%7Cdisplaytitle%7Cvarianttitles "HTTP/1.1 200 OK"
2026-05-25 17:09:04,344 | INFO | wikipediaapi._http_client.sync_http_client | Request URL: https://en.wikipedia.org/w/api.php?format=json&redirects=1&action=query&prop=extracts&titles=Black hole&explaintext=1&exsectionformat=wiki
2026-05-25 17:09:05,147 | INFO | httpx | HTTP Request: GET https://en.wikipedia.org/w/api.php?format=json&redirects=1&action=query&prop=extracts&titles=Black+hole&explaintext=1&exsectionformat=wiki "HTTP/1.1 200 OK"
2026-05-25 17:09:06,986 | INFO | ingestion | Text ingestion completed | chunks=3
2026-05-25 17:09:19,301 | WARNING | cold_start | Rate limit hit | attempt=1 | waiting=5 sec
2026-05-25 17:09:25,810 | WARNING | cold_start | Rate limit hit | attempt=2 | waiting=10 sec
2026-05-25 17:09:36,718 | WARNING | cold_start | Rate limit hit | attempt=3 | waiting=15 sec
2026-05-25 17:09:51,719 | WARNING | cold_start | File info failed | title=File:BKL dynamics - video.ogg | error=HTTP request failed after retries
2026-05-25 17:09:52,816 | WARNING | cold_start | Rate limit hit | attempt=1 | waiting=5 sec
2026-05-25 17:10:12,507 | WARNING | cold_start | Rate limit hit | attempt=1 | waiting=5 sec
2026-05-25 17:10:18,534 | WARNING | cold_start | Rate limit hit | attempt=2 | waiting=10 sec
2026-05-25 17:10:29,329 | WARNING | cold_start | Rate limit hit | attempt=3 | waiting=15 sec
2026-05-25 17:10:44,330 | WARNING | cold_start | File info failed | title=File:Ergosphere and event horizon of a rotating black hole (no animation).gif | error=HTTP request failed after retries
2026-05-25 17:10:49,221 | INFO | ingestion | Media embedding attempt | file=./data/media\4913f46bb81344a6a03f55d4451e2459.webm | attempt=1
2026-05-25 17:11:29,168 | INFO | ingestion | Media description attempt | modality=video | file=./data/media\4913f46bb81344a6a03f55d4451e2459.webm | attempt=1
2026-05-25 17:14:25,343 | INFO | ingestion | Media ingestion completed | modality=video | id=video_78aca67a8f624dbdae6780ffb57829c7
2026-05-25 17:14:25,365 | INFO | cold_start | Cold start ingestion completed | page=Black hole | intent=video | text_items=3 | images_found=8 | audios_found=1 | videos_found=1 | total_new_unique=4
2026-05-25 17:14:25,368 | INFO | main | Cold start completed | new_items=4
2026-05-25 17:14:25,384 | INFO | main | Vector search rerun completed | count=9
2026-05-25 17:14:25,389 | INFO | main | BM25 search rerun completed | count=9
2026-05-25 17:14:25,390 | INFO | main | Hybrid merge rerun completed | total_count=9 | filtered_count=1 | best_score=0.03131881575727918
2026-05-25 17:14:25,390 | INFO | main | Response sent | type=video
2026-05-25 17:14:45,137 | INFO | main | Query received | query=gave me parrot image
2026-05-25 17:14:45,138 | INFO | main | Intent detected | intent=image
2026-05-25 17:14:45,139 | INFO | main | Search config | intent=image | top_k=50 | threshold=0.12
2026-05-25 17:14:45,691 | INFO | main | Query embedding created
2026-05-25 17:14:45,696 | INFO | main | Vector search completed | count=9
2026-05-25 17:14:45,697 | INFO | main | BM25 search completed | count=9
2026-05-25 17:14:45,698 | INFO | main | Hybrid merge completed | total_count=9 | filtered_count=2 | best_score=0.03057889822595705
2026-05-25 17:14:45,698 | INFO | main | Cold start needed | intent=image
2026-05-25 17:14:45,699 | INFO | cold_start | Cold start triggered | query=gave me parrot image | intent=image
2026-05-25 17:14:45,699 | INFO | cold_start | Wikipedia search query normalized | original=gave me parrot image | clean=parrot
2026-05-25 17:14:47,114 | INFO | cold_start | Wikipedia best page selected | title=Parrot
2026-05-25 17:14:47,116 | INFO | wikipediaapi._http_client.sync_http_client | Request URL: https://en.wikipedia.org/w/api.php?format=json&redirects=1&action=query&prop=info&titles=Parrot&inprop=protection|talkid|watched|watchers|visitingwatchers|notificationtimestamp|subjectid|url|readable|preload|displaytitle|varianttitles
2026-05-25 17:14:47,723 | INFO | httpx | HTTP Request: GET https://en.wikipedia.org/w/api.php?format=json&redirects=1&action=query&prop=info&titles=Parrot&inprop=protection%7Ctalkid%7Cwatched%7Cwatchers%7Cvisitingwatchers%7Cnotificationtimestamp%7Csubjectid%7Curl%7Creadable%7Cpreload%7Cdisplaytitle%7Cvarianttitles "HTTP/1.1 429 Too Many Requests"
2026-05-25 17:15:00,418 | INFO | httpx | HTTP Request: GET https://en.wikipedia.org/w/api.php?format=json&redirects=1&action=query&prop=info&titles=Parrot&inprop=protection%7Ctalkid%7Cwatched%7Cwatchers%7Cvisitingwatchers%7Cnotificationtimestamp%7Csubjectid%7Curl%7Creadable%7Cpreload%7Cdisplaytitle%7Cvarianttitles "HTTP/1.1 200 OK"
2026-05-25 17:15:00,419 | INFO | wikipediaapi._http_client.sync_http_client | Request URL: https://en.wikipedia.org/w/api.php?format=json&redirects=1&action=query&prop=extracts&titles=Parrot&explaintext=1&exsectionformat=wiki
2026-05-25 17:15:01,249 | INFO | httpx | HTTP Request: GET https://en.wikipedia.org/w/api.php?format=json&redirects=1&action=query&prop=extracts&titles=Parrot&explaintext=1&exsectionformat=wiki "HTTP/1.1 200 OK"
2026-05-25 17:15:03,742 | INFO | ingestion | Text ingestion completed | chunks=4
2026-05-25 17:15:14,558 | WARNING | cold_start | Rate limit hit | attempt=1 | waiting=5 sec
2026-05-25 17:15:20,494 | WARNING | cold_start | Rate limit hit | attempt=2 | waiting=10 sec
2026-05-25 17:15:31,346 | WARNING | cold_start | Rate limit hit | attempt=3 | waiting=15 sec
2026-05-25 17:15:46,348 | WARNING | cold_start | File info failed | title=File:Eagle 01.svg | error=HTTP request failed after retries
2026-05-25 17:15:47,318 | WARNING | cold_start | Rate limit hit | attempt=1 | waiting=5 sec
2026-05-25 17:15:53,267 | WARNING | cold_start | Rate limit hit | attempt=2 | waiting=10 sec
2026-05-25 17:16:15,289 | INFO | ingestion | Media embedding attempt | file=./data/media\cfeddded41e4436093fc60d4f40c75ac.jpg | attempt=1
2026-05-25 17:16:24,516 | INFO | ingestion | Media description attempt | modality=image | file=./data/media\cfeddded41e4436093fc60d4f40c75ac.jpg | attempt=1
2026-05-25 17:18:45,534 | INFO | ingestion | Media ingestion completed | modality=image | id=image_df730b847a84411b95ea0508c31e7774
2026-05-25 17:18:47,525 | INFO | ingestion | Media embedding attempt | file=./data/media\21c1e80544c340c792ec5a65c9c201ab.jpg | attempt=1
2026-05-25 17:19:00,384 | INFO | ingestion | Media description attempt | modality=image | file=./data/media\21c1e80544c340c792ec5a65c9c201ab.jpg | attempt=1
2026-05-25 17:21:22,634 | INFO | ingestion | Media ingestion completed | modality=image | id=image_75478bdfb0b34ab3bfbdbbf27b34a5af
2026-05-25 17:21:22,650 | INFO | cold_start | Cold start ingestion completed | page=Parrot | intent=image | text_items=4 | images_found=14 | audios_found=1 | videos_found=1 | total_new_unique=6
2026-05-25 17:21:22,651 | INFO | main | Cold start completed | new_items=6
2026-05-25 17:21:22,660 | INFO | main | Vector search rerun completed | count=15
2026-05-25 17:21:22,662 | INFO | main | BM25 search rerun completed | count=15
2026-05-25 17:21:22,663 | INFO | main | Hybrid merge rerun completed | total_count=15 | filtered_count=4 | best_score=0.030017921146953404
2026-05-25 17:21:22,663 | INFO | main | Response sent | type=image
2026-05-25 17:24:29,539 | INFO | main | Query received | query=gave me tiger image
2026-05-25 17:24:29,539 | INFO | main | Intent detected | intent=image
2026-05-25 17:24:29,540 | INFO | main | Search config | intent=image | top_k=50 | threshold=0.12
2026-05-25 17:24:30,091 | INFO | main | Query embedding created
2026-05-25 17:24:30,101 | INFO | main | Vector search completed | count=15
2026-05-25 17:24:30,102 | INFO | main | BM25 search completed | count=15
2026-05-25 17:24:30,102 | INFO | main | Hybrid merge completed | total_count=15 | filtered_count=4 | best_score=0.030017921146953404
2026-05-25 17:24:30,102 | INFO | main | Cold start needed | intent=image
2026-05-25 17:24:30,102 | INFO | cold_start | Cold start triggered | query=gave me tiger image | intent=image
2026-05-25 17:24:30,103 | INFO | cold_start | Wikipedia search query normalized | original=gave me tiger image | clean=tiger
2026-05-25 17:24:31,342 | INFO | cold_start | Wikipedia best page selected | title=Tiger
2026-05-25 17:24:31,343 | INFO | wikipediaapi._http_client.sync_http_client | Request URL: https://en.wikipedia.org/w/api.php?format=json&redirects=1&action=query&prop=info&titles=Tiger&inprop=protection|talkid|watched|watchers|visitingwatchers|notificationtimestamp|subjectid|url|readable|preload|displaytitle|varianttitles
2026-05-25 17:24:32,121 | INFO | httpx | HTTP Request: GET https://en.wikipedia.org/w/api.php?format=json&redirects=1&action=query&prop=info&titles=Tiger&inprop=protection%7Ctalkid%7Cwatched%7Cwatchers%7Cvisitingwatchers%7Cnotificationtimestamp%7Csubjectid%7Curl%7Creadable%7Cpreload%7Cdisplaytitle%7Cvarianttitles "HTTP/1.1 200 OK"
2026-05-25 17:24:32,123 | INFO | wikipediaapi._http_client.sync_http_client | Request URL: https://en.wikipedia.org/w/api.php?format=json&redirects=1&action=query&prop=extracts&titles=Tiger&explaintext=1&exsectionformat=wiki
2026-05-25 17:24:32,657 | INFO | httpx | HTTP Request: GET https://en.wikipedia.org/w/api.php?format=json&redirects=1&action=query&prop=extracts&titles=Tiger&explaintext=1&exsectionformat=wiki "HTTP/1.1 200 OK"
2026-05-25 17:24:32,842 | INFO | cold_start | Skipping duplicate text content | page=Tiger
2026-05-25 17:24:47,281 | WARNING | cold_start | Rate limit hit | attempt=1 | waiting=5 sec
2026-05-25 17:24:53,525 | WARNING | cold_start | Rate limit hit | attempt=2 | waiting=10 sec
2026-05-25 17:25:17,076 | WARNING | cold_start | Rate limit hit | attempt=1 | waiting=5 sec
2026-05-25 17:25:23,223 | WARNING | cold_start | Rate limit hit | attempt=2 | waiting=10 sec
2026-05-25 17:25:34,281 | WARNING | cold_start | Rate limit hit | attempt=3 | waiting=15 sec
2026-05-25 17:25:49,282 | WARNING | cold_start | File info failed | title=File:Flag of Bhutan.svg | error=HTTP request failed after retries
2026-05-25 17:25:50,871 | WARNING | cold_start | Rate limit hit | attempt=1 | waiting=5 sec
2026-05-25 17:25:57,860 | WARNING | cold_start | Rate limit hit | attempt=2 | waiting=10 sec
2026-05-25 17:26:09,628 | INFO | cold_start | Skipping duplicate media | modality=image | url=https://upload.wikimedia.org/wikipedia/commons/c/ce/2012-09-15_Tierpark_Berlin_26_%28cropped%29.jpg
2026-05-25 17:26:09,631 | INFO | cold_start | Skipping duplicate media | modality=image | url=https://upload.wikimedia.org/wikipedia/commons/8/81/2012_Suedchinesischer_Tiger.JPG
2026-05-25 17:26:12,573 | INFO | ingestion | Media embedding attempt | file=./data/media\8905d0c4836349f3a84ff439e59d7a05.jpg | attempt=1
2026-05-25 17:26:39,435 | INFO | ingestion | Media description attempt | modality=image | file=./data/media\8905d0c4836349f3a84ff439e59d7a05.jpg | attempt=1
2026-05-25 17:29:06,818 | INFO | ingestion | Media ingestion completed | modality=image | id=image_5b91e6034e3943678013ce58e9ae6beb
2026-05-25 17:29:08,421 | INFO | ingestion | Media embedding attempt | file=./data/media\d201fec805f043cd922885fbbed7f953.jpg | attempt=1
2026-05-25 17:29:17,353 | INFO | ingestion | Media description attempt | modality=image | file=./data/media\d201fec805f043cd922885fbbed7f953.jpg | attempt=1
2026-05-25 17:31:30,175 | INFO | ingestion | Media ingestion completed | modality=image | id=image_42f70703c9a949098a8cd9b6fccd6fc8
2026-05-25 17:31:30,209 | INFO | cold_start | Cold start ingestion completed | page=Tiger | intent=image | text_items=0 | images_found=14 | audios_found=1 | videos_found=0 | total_new_unique=2
2026-05-25 17:31:30,216 | INFO | main | Cold start completed | new_items=2
2026-05-25 17:31:30,257 | INFO | main | Vector search rerun completed | count=17
2026-05-25 17:31:30,267 | INFO | main | BM25 search rerun completed | count=17
2026-05-25 17:31:30,270 | INFO | main | Hybrid merge rerun completed | total_count=17 | filtered_count=6 | best_score=0.03021353930031804
2026-05-25 17:31:30,270 | INFO | main | Response sent | type=image
2026-05-25 18:48:36,675 | INFO | wikipediaapi._http_client.base_http_client | Wikipedia: language=en, user_agent: multimodal-rag-project/1.0 (Wikipedia-API/0.14.1; https://github.com/martin-majlis/Wikipedia-API/), extract_format=1
2026-05-25 18:48:37,182 | INFO | main | Backend started successfully
2026-05-25 18:49:16,282 | INFO | main | Query received | query=gave me parrot image
2026-05-25 18:49:16,283 | INFO | main | Intent detected | intent=image
2026-05-25 18:49:16,284 | INFO | main | Search config | intent=image | top_k=50 | threshold=0.12
2026-05-25 18:49:17,236 | INFO | main | Query embedding created
2026-05-25 18:49:17,343 | INFO | main | Vector search completed | count=17
2026-05-25 18:49:17,344 | INFO | main | BM25 search completed | count=17
2026-05-25 18:49:17,344 | INFO | main | Hybrid merge completed | total_count=17 | filtered_count=6 | best_score=0.030017921146953404
2026-05-25 18:49:17,344 | INFO | main | Cold start needed | intent=image
2026-05-25 18:49:17,344 | INFO | cold_start | Cold start triggered | query=gave me parrot image | intent=image
2026-05-25 18:49:17,344 | INFO | cold_start | Wikipedia search query normalized | original=gave me parrot image | clean=parrot
2026-05-25 18:49:18,412 | INFO | cold_start | Wikipedia best page selected | title=Parrot
2026-05-25 18:49:18,412 | INFO | wikipediaapi._http_client.sync_http_client | Request URL: https://en.wikipedia.org/w/api.php?format=json&redirects=1&action=query&prop=info&titles=Parrot&inprop=protection|talkid|watched|watchers|visitingwatchers|notificationtimestamp|subjectid|url|readable|preload|displaytitle|varianttitles
2026-05-25 18:49:19,036 | INFO | httpx | HTTP Request: GET https://en.wikipedia.org/w/api.php?format=json&redirects=1&action=query&prop=info&titles=Parrot&inprop=protection%7Ctalkid%7Cwatched%7Cwatchers%7Cvisitingwatchers%7Cnotificationtimestamp%7Csubjectid%7Curl%7Creadable%7Cpreload%7Cdisplaytitle%7Cvarianttitles "HTTP/1.1 200 OK"
2026-05-25 18:49:19,038 | INFO | wikipediaapi._http_client.sync_http_client | Request URL: https://en.wikipedia.org/w/api.php?format=json&redirects=1&action=query&prop=extracts&titles=Parrot&explaintext=1&exsectionformat=wiki
2026-05-25 18:49:19,528 | INFO | httpx | HTTP Request: GET https://en.wikipedia.org/w/api.php?format=json&redirects=1&action=query&prop=extracts&titles=Parrot&explaintext=1&exsectionformat=wiki "HTTP/1.1 200 OK"
2026-05-25 18:49:19,555 | INFO | cold_start | Skipping duplicate text content | page=Parrot
2026-05-25 18:49:28,035 | WARNING | cold_start | Rate limit hit | attempt=1 | waiting=5 sec
2026-05-25 18:49:33,801 | WARNING | cold_start | Rate limit hit | attempt=2 | waiting=10 sec
2026-05-25 18:49:44,520 | WARNING | cold_start | Rate limit hit | attempt=3 | waiting=15 sec
2026-05-25 18:49:59,521 | WARNING | cold_start | File info failed | title=File:Cyrilavis colburnorum FMNH specimen.jpg | error=HTTP request failed after retries
2026-05-25 18:50:12,321 | WARNING | cold_start | Rate limit hit | attempt=1 | waiting=5 sec
2026-05-25 18:50:18,172 | WARNING | cold_start | Rate limit hit | attempt=2 | waiting=10 sec
2026-05-25 18:50:29,037 | WARNING | cold_start | Rate limit hit | attempt=3 | waiting=15 sec
2026-05-25 18:50:44,038 | WARNING | cold_start | File info failed | title=File:OOjs UI icon edit-ltr.svg | error=HTTP request failed after retries
2026-05-25 18:50:44,043 | INFO | cold_start | Skipping duplicate media | modality=image | url=https://upload.wikimedia.org/wikipedia/commons/5/5c/Agapornis_nigrigenis_-_head_and_shoulders_%28cropped%29.jpg
2026-05-25 18:50:44,044 | INFO | cold_start | Skipping duplicate media | modality=image | url=https://upload.wikimedia.org/wikipedia/commons/6/6a/Annals_of_the_Carnegie_Museum_%281901-1902%29_%2818225408610%29.jpg
2026-05-25 18:50:46,058 | WARNING | cold_start | Rate limit hit | attempt=1 | waiting=5 sec
2026-05-25 18:50:52,579 | INFO | ingestion | Media embedding attempt | file=./data/media\2d9878fe8c7f4858904557f314acfe6f.jpg | attempt=1
2026-05-25 18:50:53,994 | WARNING | googleapiclient.http | Encountered 403 Forbidden with reason "PERMISSION_DENIED"
2026-05-25 18:50:53,994 | WARNING | ingestion | Media embedding failed | file=./data/media\2d9878fe8c7f4858904557f314acfe6f.jpg | attempt=1 | error=<HttpError 403 when requesting None returned "Your API key was reported as leaked. Please use another API key.". Details: "Your API key was reported as leaked. Please use another API key.">
2026-05-25 18:50:56,996 | INFO | ingestion | Media embedding attempt | file=./data/media\2d9878fe8c7f4858904557f314acfe6f.jpg | attempt=2
2026-05-25 18:50:58,335 | WARNING | googleapiclient.http | Encountered 403 Forbidden with reason "PERMISSION_DENIED"
2026-05-25 18:50:58,335 | WARNING | ingestion | Media embedding failed | file=./data/media\2d9878fe8c7f4858904557f314acfe6f.jpg | attempt=2 | error=<HttpError 403 when requesting None returned "Your API key was reported as leaked. Please use another API key.". Details: "Your API key was reported as leaked. Please use another API key.">
2026-05-25 18:51:04,337 | INFO | ingestion | Media embedding attempt | file=./data/media\2d9878fe8c7f4858904557f314acfe6f.jpg | attempt=3
2026-05-25 18:51:05,710 | WARNING | googleapiclient.http | Encountered 403 Forbidden with reason "PERMISSION_DENIED"
2026-05-25 18:51:05,710 | WARNING | ingestion | Media embedding failed | file=./data/media\2d9878fe8c7f4858904557f314acfe6f.jpg | attempt=3 | error=<HttpError 403 when requesting None returned "Your API key was reported as leaked. Please use another API key.". Details: "Your API key was reported as leaked. Please use another API key.">
2026-05-25 18:51:14,711 | WARNING | cold_start | image ingestion failed | url=https://upload.wikimedia.org/wikipedia/commons/4/46/Ara_chloropterus_-Bioparc_Zoo_de_Doue_la_Fontaine-8a.jpg | error=<HttpError 403 when requesting None returned "Your API key was reported as leaked. Please use another API key.". Details: "Your API key was reported as leaked. Please use another API key.">
2026-05-25 18:51:15,456 | WARNING | cold_start | Rate limit hit | attempt=1 | waiting=5 sec
2026-05-25 18:51:22,121 | INFO | ingestion | Media embedding attempt | file=./data/media\fa37a4cfbebd42dfb6d486ff8b56f259.jpg | attempt=1
2026-05-25 18:51:23,390 | WARNING | googleapiclient.http | Encountered 403 Forbidden with reason "PERMISSION_DENIED"
2026-05-25 18:51:23,391 | WARNING | ingestion | Media embedding failed | file=./data/media\fa37a4cfbebd42dfb6d486ff8b56f259.jpg | attempt=1 | error=<HttpError 403 when requesting None returned "Your API key was reported as leaked. Please use another API key.". Details: "Your API key was reported as leaked. Please use another API key.">
2026-05-25 18:51:26,392 | INFO | ingestion | Media embedding attempt | file=./data/media\fa37a4cfbebd42dfb6d486ff8b56f259.jpg | attempt=2
2026-05-25 18:51:27,625 | WARNING | googleapiclient.http | Encountered 403 Forbidden with reason "PERMISSION_DENIED"
2026-05-25 18:51:27,626 | WARNING | ingestion | Media embedding failed | file=./data/media\fa37a4cfbebd42dfb6d486ff8b56f259.jpg | attempt=2 | error=<HttpError 403 when requesting None returned "Your API key was reported as leaked. Please use another API key.". Details: "Your API key was reported as leaked. Please use another API key.">
2026-05-25 18:51:33,628 | INFO | ingestion | Media embedding attempt | file=./data/media\fa37a4cfbebd42dfb6d486ff8b56f259.jpg | attempt=3
2026-05-25 18:51:34,918 | WARNING | googleapiclient.http | Encountered 403 Forbidden with reason "PERMISSION_DENIED"
2026-05-25 18:51:34,918 | WARNING | ingestion | Media embedding failed | file=./data/media\fa37a4cfbebd42dfb6d486ff8b56f259.jpg | attempt=3 | error=<HttpError 403 when requesting None returned "Your API key was reported as leaked. Please use another API key.". Details: "Your API key was reported as leaked. Please use another API key.">
2026-05-25 18:51:43,919 | WARNING | cold_start | image ingestion failed | url=https://upload.wikimedia.org/wikipedia/commons/e/ed/Ara_macao_-on_a_small_bicycle-8.jpg | error=<HttpError 403 when requesting None returned "Your API key was reported as leaked. Please use another API key.". Details: "Your API key was reported as leaked. Please use another API key.">
2026-05-25 18:51:45,538 | INFO | ingestion | Media embedding attempt | file=./data/media\bd42d11994314142b21604d95bb2ad92.jpg | attempt=1
2026-05-25 18:51:46,712 | WARNING | googleapiclient.http | Encountered 403 Forbidden with reason "PERMISSION_DENIED"
2026-05-25 18:51:46,714 | WARNING | ingestion | Media embedding failed | file=./data/media\bd42d11994314142b21604d95bb2ad92.jpg | attempt=1 | error=<HttpError 403 when requesting None returned "Your API key was reported as leaked. Please use another API key.". Details: "Your API key was reported as leaked. Please use another API key.">
2026-05-25 18:51:49,715 | INFO | ingestion | Media embedding attempt | file=./data/media\bd42d11994314142b21604d95bb2ad92.jpg | attempt=2
2026-05-25 18:51:50,982 | WARNING | googleapiclient.http | Encountered 403 Forbidden with reason "PERMISSION_DENIED"
2026-05-25 18:51:50,982 | WARNING | ingestion | Media embedding failed | file=./data/media\bd42d11994314142b21604d95bb2ad92.jpg | attempt=2 | error=<HttpError 403 when requesting None returned "Your API key was reported as leaked. Please use another API key.". Details: "Your API key was reported as leaked. Please use another API key.">
2026-05-25 18:51:56,984 | INFO | ingestion | Media embedding attempt | file=./data/media\bd42d11994314142b21604d95bb2ad92.jpg | attempt=3
2026-05-25 18:51:58,234 | WARNING | googleapiclient.http | Encountered 403 Forbidden with reason "PERMISSION_DENIED"
2026-05-25 18:51:58,235 | WARNING | ingestion | Media embedding failed | file=./data/media\bd42d11994314142b21604d95bb2ad92.jpg | attempt=3 | error=<HttpError 403 when requesting None returned "Your API key was reported as leaked. Please use another API key.". Details: "Your API key was reported as leaked. Please use another API key.">
2026-05-25 18:52:07,236 | WARNING | cold_start | image ingestion failed | url=https://upload.wikimedia.org/wikipedia/commons/b/b6/Cacha%C3%B1a.jpg | error=<HttpError 403 when requesting None returned "Your API key was reported as leaked. Please use another API key.". Details: "Your API key was reported as leaked. Please use another API key.">
2026-05-25 18:52:08,819 | INFO | ingestion | Media embedding attempt | file=./data/media\c2794f0fe00646e380f5be565180b398.jpg | attempt=1
2026-05-25 18:52:10,238 | WARNING | googleapiclient.http | Encountered 403 Forbidden with reason "PERMISSION_DENIED"
2026-05-25 18:52:10,239 | WARNING | ingestion | Media embedding failed | file=./data/media\c2794f0fe00646e380f5be565180b398.jpg | attempt=1 | error=<HttpError 403 when requesting None returned "Your API key was reported as leaked. Please use another API key.". Details: "Your API key was reported as leaked. Please use another API key.">
2026-05-25 18:52:13,240 | INFO | ingestion | Media embedding attempt | file=./data/media\c2794f0fe00646e380f5be565180b398.jpg | attempt=2
2026-05-25 18:52:14,487 | WARNING | googleapiclient.http | Encountered 403 Forbidden with reason "PERMISSION_DENIED"
2026-05-25 18:52:14,488 | WARNING | ingestion | Media embedding failed | file=./data/media\c2794f0fe00646e380f5be565180b398.jpg | attempt=2 | error=<HttpError 403 when requesting None returned "Your API key was reported as leaked. Please use another API key.". Details: "Your API key was reported as leaked. Please use another API key.">
2026-05-25 18:52:20,488 | INFO | ingestion | Media embedding attempt | file=./data/media\c2794f0fe00646e380f5be565180b398.jpg | attempt=3
2026-05-25 18:52:21,679 | WARNING | googleapiclient.http | Encountered 403 Forbidden with reason "PERMISSION_DENIED"
2026-05-25 18:52:21,680 | WARNING | ingestion | Media embedding failed | file=./data/media\c2794f0fe00646e380f5be565180b398.jpg | attempt=3 | error=<HttpError 403 when requesting None returned "Your API key was reported as leaked. Please use another API key.". Details: "Your API key was reported as leaked. Please use another API key.">
2026-05-25 18:52:30,681 | WARNING | cold_start | image ingestion failed | url=https://upload.wikimedia.org/wikipedia/commons/8/88/Eclectus_roratus-20030511.jpg | error=<HttpError 403 when requesting None returned "Your API key was reported as leaked. Please use another API key.". Details: "Your API key was reported as leaked. Please use another API key.">
2026-05-25 18:52:31,746 | INFO | ingestion | Media embedding attempt | file=./data/media\c1c8ac32ac304f22aa96a5228f48bb32.jpg | attempt=1
2026-05-25 18:52:33,268 | WARNING | googleapiclient.http | Encountered 403 Forbidden with reason "PERMISSION_DENIED"
2026-05-25 18:52:33,269 | WARNING | ingestion | Media embedding failed | file=./data/media\c1c8ac32ac304f22aa96a5228f48bb32.jpg | attempt=1 | error=<HttpError 403 when requesting None returned "Your API key was reported as leaked. Please use another API key.". Details: "Your API key was reported as leaked. Please use another API key.">
2026-05-25 18:52:36,270 | INFO | ingestion | Media embedding attempt | file=./data/media\c1c8ac32ac304f22aa96a5228f48bb32.jpg | attempt=2
2026-05-25 18:52:37,392 | WARNING | googleapiclient.http | Encountered 403 Forbidden with reason "PERMISSION_DENIED"
2026-05-25 18:52:37,392 | WARNING | ingestion | Media embedding failed | file=./data/media\c1c8ac32ac304f22aa96a5228f48bb32.jpg | attempt=2 | error=<HttpError 403 when requesting None returned "Your API key was reported as leaked. Please use another API key.". Details: "Your API key was reported as leaked. Please use another API key.">
2026-05-25 18:52:43,393 | INFO | ingestion | Media embedding attempt | file=./data/media\c1c8ac32ac304f22aa96a5228f48bb32.jpg | attempt=3
2026-05-25 18:52:45,555 | WARNING | googleapiclient.http | Encountered 403 Forbidden with reason "PERMISSION_DENIED"
2026-05-25 18:52:45,556 | WARNING | ingestion | Media embedding failed | file=./data/media\c1c8ac32ac304f22aa96a5228f48bb32.jpg | attempt=3 | error=<HttpError 403 when requesting None returned "Your API key was reported as leaked. Please use another API key.". Details: "Your API key was reported as leaked. Please use another API key.">
2026-05-25 19:12:41,085 | INFO | wikipediaapi._http_client.base_http_client | Wikipedia: language=en, user_agent: multimodal-rag-project/1.0 (Wikipedia-API/0.14.1; https://github.com/martin-majlis/Wikipedia-API/), extract_format=1
2026-05-25 19:12:41,431 | INFO | main | Backend started successfully
2026-05-25 19:13:36,295 | INFO | main | Query received | query=gave me parrot images
2026-05-25 19:13:36,296 | INFO | main | Intent detected | intent=image
2026-05-25 19:13:36,298 | INFO | main | Search config | intent=image | top_k=50 | threshold=0.12
2026-05-25 19:13:37,314 | INFO | main | Query embedding created
2026-05-25 19:13:37,412 | INFO | main | Vector search completed | count=17
2026-05-25 19:13:37,413 | INFO | main | BM25 search completed | count=17
2026-05-25 19:13:37,414 | INFO | main | Hybrid merge completed | total_count=17 | filtered_count=6 | best_score=0.030017921146953404
2026-05-25 19:13:37,414 | INFO | main | Cold start needed | intent=image
2026-05-25 19:13:37,414 | INFO | cold_start | Cold start triggered | query=gave me parrot images | intent=image
2026-05-25 19:13:37,414 | INFO | cold_start | Wikipedia search query normalized | original=gave me parrot images | clean=parrot
2026-05-25 19:13:38,425 | INFO | cold_start | Wikipedia best page selected | title=Parrot
2026-05-25 19:13:38,426 | INFO | wikipediaapi._http_client.sync_http_client | Request URL: https://en.wikipedia.org/w/api.php?format=json&redirects=1&action=query&prop=info&titles=Parrot&inprop=protection|talkid|watched|watchers|visitingwatchers|notificationtimestamp|subjectid|url|readable|preload|displaytitle|varianttitles
2026-05-25 19:13:39,059 | INFO | httpx | HTTP Request: GET https://en.wikipedia.org/w/api.php?format=json&redirects=1&action=query&prop=info&titles=Parrot&inprop=protection%7Ctalkid%7Cwatched%7Cwatchers%7Cvisitingwatchers%7Cnotificationtimestamp%7Csubjectid%7Curl%7Creadable%7Cpreload%7Cdisplaytitle%7Cvarianttitles "HTTP/1.1 200 OK"
2026-05-25 19:13:39,060 | INFO | wikipediaapi._http_client.sync_http_client | Request URL: https://en.wikipedia.org/w/api.php?format=json&redirects=1&action=query&prop=extracts&titles=Parrot&explaintext=1&exsectionformat=wiki
2026-05-25 19:13:39,827 | INFO | httpx | HTTP Request: GET https://en.wikipedia.org/w/api.php?format=json&redirects=1&action=query&prop=extracts&titles=Parrot&explaintext=1&exsectionformat=wiki "HTTP/1.1 200 OK"
2026-05-25 19:13:39,897 | INFO | cold_start | Skipping duplicate text content | page=Parrot
2026-05-25 19:13:49,320 | WARNING | cold_start | Rate limit hit | attempt=1 | waiting=5 sec
2026-05-25 19:13:55,129 | WARNING | cold_start | Rate limit hit | attempt=2 | waiting=10 sec
2026-05-25 19:14:15,448 | WARNING | cold_start | Rate limit hit | attempt=1 | waiting=5 sec
2026-05-25 19:14:21,271 | WARNING | cold_start | Rate limit hit | attempt=2 | waiting=10 sec
2026-05-25 19:14:32,080 | WARNING | cold_start | Rate limit hit | attempt=3 | waiting=15 sec
2026-05-25 19:14:47,080 | WARNING | cold_start | File info failed | title=File:OOjs UI icon edit-ltr-progressive.svg | error=HTTP request failed after retries
2026-05-25 19:14:48,019 | WARNING | cold_start | Rate limit hit | attempt=1 | waiting=5 sec
2026-05-25 19:14:53,794 | WARNING | cold_start | Rate limit hit | attempt=2 | waiting=10 sec
2026-05-25 19:15:04,608 | INFO | cold_start | Skipping duplicate media | modality=image | url=https://upload.wikimedia.org/wikipedia/commons/5/5c/Agapornis_nigrigenis_-_head_and_shoulders_%28cropped%29.jpg
2026-05-25 19:15:04,609 | INFO | cold_start | Skipping duplicate media | modality=image | url=https://upload.wikimedia.org/wikipedia/commons/6/6a/Annals_of_the_Carnegie_Museum_%281901-1902%29_%2818225408610%29.jpg
2026-05-25 19:15:06,486 | INFO | ingestion | Media embedding attempt | file=./data/media\a78585f7d8644ed99706d73125d96da4.jpg | attempt=1
2026-05-25 19:15:17,963 | INFO | ingestion | Media description attempt | modality=image | file=./data/media\a78585f7d8644ed99706d73125d96da4.jpg | attempt=1
2026-05-25 19:17:33,664 | INFO | ingestion | Media ingestion completed | modality=image | id=image_2ac5d22b2c9545579644790beef5c44b
2026-05-25 19:17:36,243 | INFO | ingestion | Media embedding attempt | file=./data/media\b4a1dd43f7704eb49d34be2753ba892e.jpg | attempt=1
2026-05-25 19:17:46,029 | INFO | ingestion | Media description attempt | modality=image | file=./data/media\b4a1dd43f7704eb49d34be2753ba892e.jpg | attempt=1
2026-05-25 19:20:01,623 | INFO | ingestion | Media ingestion completed | modality=image | id=image_ad8240fdfe034c60a363dd7bb4a3e21d
2026-05-25 19:20:01,629 | INFO | cold_start | Cold start ingestion completed | page=Parrot | intent=image | text_items=0 | images_found=14 | audios_found=1 | videos_found=1 | total_new_unique=2
2026-05-25 19:20:01,629 | INFO | main | Cold start completed | new_items=2
2026-05-25 19:20:01,633 | INFO | main | Vector search rerun completed | count=19
2026-05-25 19:20:01,634 | INFO | main | BM25 search rerun completed | count=19
2026-05-25 19:20:01,636 | INFO | main | Hybrid merge rerun completed | total_count=19 | filtered_count=8 | best_score=0.03021353930031804
2026-05-25 19:20:01,636 | INFO | main | Response sent | type=image
